0,ARSRJFRKVXALTF-UHFFFAOYSA-N
1,JLIDBLDQVAYHNE-YKALOCIXSA-N
9,WBYWAXJHAXSJNI-VOTSOKGWSA-N
11,RWSXRVCMGQZWBV-WDSKDSINSA-N
13,UDOOPSJCRMKSGL-ZHACJKMWSA-N
14,CGQCWMIAEPEHNQ-UHFFFAOYSA-N
16,NGHVIOIJCVXTGV-ALEPSDHESA-N
18,KRKNYBCHXYNGOX-UHFFFAOYSA-N
22,AZQWKYJCGOJGHM-UHFFFAOYSA-N
24,POJWUDADGALRAB-UHFFFAOYSA-N
28,ZOOGRGPOEVQQDX-UUOKFMHZSA-N
30,FFGPTBGBLSHEPO-UHFFFAOYSA-N
34,RKUNBYITZUJHSG-PJPHBNEVSA-N
36,OIRDTQYFTABQOQ-KQYNXXCUSA-N
38,RYYVLZVUVIJVGH-UHFFFAOYSA-N
40,DBPWSSGDRRHUNT-CEGNMAFCSA-N
42,DLIKSSGEMUFQOK-SFTVRKLSSA-N
44,BDJRBEYXGGNYIS-UHFFFAOYSA-N
46,SJWWTRQNNRNTPU-ABBNZJFMSA-N
48,VKOBVWXKNCXXDE-UHFFFAOYSA-N
50,JYGXADMDTFJGBT-VWUMJDOOSA-N
52,ISAOCJYIOMOJEB-UHFFFAOYSA-N
54,DCZFGQYXRKMVFG-UHFFFAOYSA-N
56,MXHRCPNRJAMMIM-SHYZEUOFSA-N
58,HDTRYLNUVZCQOY-LIZSDCNHSA-N
64,NEZJDVYDSZTRFS-RMPHRYRLSA-N
68,JTEJPPKMYBDEMY-UHFFFAOYSA-N
70,MXWJVTOOROXGIU-UHFFFAOYSA-N
72,WIIZWVCIJKGZOK-RKDXNWHRSA-N
74,VGEREEWJJVICBM-UHFFFAOYSA-N
75,WHBHBVVOGNECLV-VLAJLFEZSA-N
77,GDLIGKIOYRNHDA-UHFFFAOYSA-N
79,RSWGJHLUYNHPMX-ONCXSQPRSA-N
81,CXQWRCVTCMQVQX-UHFFFAOYSA-N
83,DPXWHZUTDZONDB-UHFFFAOYSA-N
85,XOMRRQXKHMYMOC-NRFANRHFSA-N
87,RJKFOVLPORLFTN-LEKSSAKUSA-N
89,YAADMLWHGMUGQL-VOTSOKGWSA-N
93,YRCWQPVGYLYSOX-UHFFFAOYSA-N
95,CSGQJHQYWJLPKY-UHFFFAOYSA-N
97,OLXZPDWKRNYJJZ-RRKCRQDMSA-N
99,RGCKGOZRHPZPFP-UHFFFAOYSA-N
101,XJQPQKLURWNAAH-UHFFFAOYSA-N
103,OWFJMIVZYSDULZ-PXOLEDIWSA-N
105,DXYUAIFZCFRPTH-UHFFFAOYSA-N
107,IXORZMNAPKEEDV-OBDJNFEBSA-N
109,IPCSVZSSVZVIGE-UHFFFAOYSA-N
111,PFTAWBLQPZVEMU-UKRRQHHQSA-N
112,KXFFLWDYUNIJNU-YJYMSZOUSA-N
116,BOSUEWCVNFFBGV-VAWYXSNFSA-N
118,XYYAFLHHHZVPRN-GXTWGEPZSA-N
120,VYFYYTLLBUKUHU-UHFFFAOYSA-N
122,CARMWCSYOJNGRD-FFPTXMBDSA-N
130,AVFIYMSJDDGDBQ-UHFFFAOYSA-N
136,TUKYTUMQZQFKNX-UHFFFAOYSA-N
138,IZSWILLJDXDGDJ-FARCUNLSSA-N
140,KMJPKUVSXFVQGZ-WQLSNUALSA-N
146,YEFOAORQXAOVJQ-RZFZLAGVSA-N
152,IWINXMWZYVGFKC-JHLWKMQHSA-N
156,UALLEVOGEQZKSX-UHFFFAOYSA-N
162,PAIASCMUTMHGHU-UHFFFAOYSA-N
168,MFMBOHMTFYYVAI-SSDOTTSWSA-N
172,APLKWZASYUZSBL-PBHICJAKSA-N
176,ASXBYYWOLISCLQ-HZYVHMACSA-N
178,KHQNSSJNIXVKMK-QSCDNJGLSA-N
182,YKPUWZUDDOIDPM-SOFGYWHQSA-N
188,LTEPZFZSPZASKJ-UHFFFAOYSA-N
190,BJDCWCLMFKKGEE-HVDUHBCDSA-N
192,FGANMDNHTVJAHL-UHFFFAOYSA-N
198,CEJSYHIZUAMEQV-CBVZESEGSA-N
200,NNOMPFCNQCRAIO-UHFFFAOYSA-N
206,YPFUHFNAEWURDN-ZKPBLSLZSA-N
214,JZWLSXINEVHWEP-UHFFFAOYSA-N
220,DNFJSIPZGYBGON-UHFFFAOYSA-N
226,YGVHOSGNOYKRIH-UKTHYFLESA-N
232,DLHZVTVUHATYAU-UHFFFAOYSA-N
238,HRUASHPCEMXOMR-UHFFFAOYSA-N
242,YLHOHANRUSKHKO-YWVKMMECSA-N
250,JJOLHRYZQSDLSA-UHFFFAOYSA-N
254,NVKNRXOMCYTFJF-WFLOGZPDSA-N
260,XJNQXTISSHEQKD-UNXUOHHUSA-N
266,SKUCQDOSGKINGP-YQMRLJPGSA-N
272,AXAACNNFMJZAGJ-UHFFFAOYSA-N
276,QJALTHDWQWOLLT-ZBGLXGBJSA-N
282,DTNGBIGBPPPNNB-UHFFFAOYSA-N
288,XLRKFSDSKCYZBE-KPNJIROHSA-N
296,NQWVSMVXKMHKTF-JKSUJKDBSA-N
302,AXXBADPZGFAAHF-ZDUSSCGKSA-N
308,MATGKVZWFZHCLI-LSDHHAIUSA-N
310,KTYZKXFERQUCPX-SPUCVAIDSA-N
318,WFMPZQDIRPRCNA-PNWNLVJFSA-N
326,PQTARGHEXNJCRK-MOHXMFTGSA-N
328,QPTBIDGWTVNLQQ-UHFFFAOYSA-N
334,BEJNERDRQOWKJM-UHFFFAOYSA-N
338,PHHIEOZUONPPQY-AIVHQYJCSA-N
344,GGNFGJZLCXTJLH-UHFFFAOYSA-N
350,JAYAGJDXJIDEKI-UHFFFAOYSA-N
354,DWQNDLRNUNNJHX-NZNOAPCVSA-N
360,ZLIHBZFNMQLPOT-UHFFFAOYSA-N
362,UNFWWIHTNXNPBV-WXKVUWSESA-N
364,INBMTJJPUABOQJ-VGOFMYFVSA-N
366,SDIVYZXRQHWCKF-UHFFFAOYSA-N
368,FCWYNTDTQPCVPG-UHFFFAOYSA-N
374,TXVHSAPNXGBCKX-JQIJEIRASA-N
380,UCLZXGHPVJMYSQ-UHFFFAOYSA-N
388,XHBZOAYMBBUURD-UHFFFAOYSA-N
394,GBRZTUJCDFSIHM-KRWDZBQOSA-N
396,JXSVIVRDWWRQRT-UHFFFAOYSA-N
400,QZUDEXAHKXCIDG-NUUDRHLNSA-N
406,HSHGZXNAXBPPDL-HZGVNTEJSA-N
408,VDUIGYAPSXCJFC-UHFFFAOYSA-N
416,WVFNARDJAJTRAI-ZRGNYTFBSA-N
424,GFERNZCCTZEIET-UHFFFAOYSA-N
428,LWOXGQKLDYQLMZ-ZZXKWVIFSA-N
432,BYHVZDRLSCCTND-UHFFFAOYSA-N
436,XPCTZQVDEJYUGT-UHFFFAOYSA-N
438,LBRPLJCNRZUXLS-YTMAOMSOSA-N
444,VJCNEDVMYQCMBK-FZMZJTMJSA-N
450,ZLLQQKITWRWKTD-UHFFFAOYSA-N
452,XEAQIWGXBXCYFX-GUOLPTJISA-N
458,PLGNVFSTPJUFKJ-UKTHLTGXSA-N
464,QISXROCIXKXUPS-OWVLCBNUSA-N
470,ODGKTDLGCWUSEC-UHFFFAOYSA-N
472,DDUHZTYCFQRHIY-RBHXEPJQSA-N
478,JVCNHGXAVMINTN-QBNAFFQBSA-N
484,LKPQNZRGGNOPPU-UHFFFAOYSA-N
490,OLSYHLURTGEIBH-UHFFFAOYSA-N
492,HYTGGNIMZXFORS-MGYKWWNKSA-N
496,OGWKCGZFUXNPDA-XQKSVPLYSA-N
502,NBMBQDMXBCIEMX-UHFFFAOYSA-N
508,CUCUKLJLRRAKFN-UHFFFAOYSA-N
510,WEHFIEZHFRETHH-ZHACJKMWSA-N
512,ZZNLYJRVCVLQOY-UHFFFAOYSA-N
516,PCZOHLXUXFIOCF-BXMDZJJMSA-N
522,YQDJUXPUIRGKNV-MNOLRWOYSA-N
528,HYBRYAPKQCZIAE-UHFFFAOYSA-N
530,GPTFURBXHJWNHR-UHFFFAOYSA-N
532,WWNNZCOKKKDOPX-UHFFFAOYSA-N
536,ANJTVLIZGCUXLD-DTWKUNHWSA-N
542,BPEXJHGGARTCIR-UHFFFAOYSA-N
548,TXFYYWHRTDECTR-UHFFFAOYSA-N
550,HEMSJKZDHNSSEW-UHFFFAOYSA-N
552,XQXPVVBIMDBYFF-UHFFFAOYSA-N
554,PTBQWWHUOMDVFS-UHFFFAOYSA-N
560,ZUNJWEGRDSXKIO-UHFFFAOYSA-N
562,OQMUOVSEPOBWMK-FDGFJIMDSA-N
570,KLSSFMQBLMDBRQ-WCSXKCKPSA-N
578,CRDAMVZIKSXKFV-YFVJMOTDSA-N
580,LADPNODMUXOPRG-UHFFFAOYSA-N
584,NDXWYVRAUFPPEJ-UHFFFAOYSA-N
588,AFDANKUHSLVEBJ-MBOHLOIDSA-N
594,RPHAAJGBADUATP-UHFFFAOYSA-N
596,YGSIRXHFAUFUEJ-GPTQDWHKSA-N
604,GTEXBOVBADJOQH-FWEMWIAWSA-N
606,RJURFGZVJUQBHK-UHFFFAOYSA-N
610,BHCBWJBSVOKHRJ-UHFFFAOYSA-N
614,VXTQFTUOAJRUDO-UHFFFAOYSA-N
616,GQLVRVYXAHDDLB-PJFSTRORSA-N
618,HLBZSQOUBVLLLL-UHFFFAOYSA-N
620,DOFMBNVUGRDDTK-NZNOAPCVSA-N
628,YRZXKRQRZJMBFT-UHFFFAOYSA-N
630,CCOJFDRSZSSKOG-SNVBAGLBSA-N
632,WYJAPUKIYAZSEM-MOPGFXCFSA-N
634,QELDJEKNFOQJOY-ZDUSSCGKSA-N
638,GDAAEAXMNLVRCZ-SFHVURJKSA-N
642,OHLQBKZXSJYBMK-UHFFFAOYSA-N
646,KALVKBCVJGXOKE-UHFFFAOYSA-N
654,SESFRYSPDFLNCH-UHFFFAOYSA-N
658,SLSIBLKBHNKZTB-UHFFFAOYSA-N
660,VOOYTQRREPYRIW-LBPRGKRZSA-N
666,QLJNETOQFQXTLI-UHFFFAOYSA-N
670,TUODPMGCCJSJRH-UHFFFAOYSA-N
672,GKHCBYYBLTXYEV-UJPOAAIJSA-N
678,AKNNEGZIBPJZJG-MSOLQXFVSA-N
684,HGJXAVROWQLCTP-YSNZXMJVSA-N
688,KDHNUTVJWLXEHG-UHFFFAOYSA-N
690,GXBAKQFLYWSOJH-YTXTXJHMSA-N
694,FDSDTBUPSURDBL-DKLMTRRASA-N
699,MXEIKUWMKSYEII-XRHWURSXSA-N
703,XUXBOSSCMLZGTA-UHFFFAOYSA-N
707,HITZIDGSAVZVQH-UHFFFAOYSA-N
715,IECPWNUMDGFDKC-MZJAQBGESA-N
719,ATDWJOOPFDQZNK-UHFFFAOYSA-N
721,WECGLUPZRHILCT-HZJYTTRNSA-N
725,QOFWRHWADNWKSU-LRXIOGKNSA-N
729,NUENJLVLKHHYJS-KOPIJTNESA-N
733,DOUMFZQKYFQNTF-WUTVXBCWSA-N
737,ODJLBQGVINUMMR-HZXDTFASSA-N
743,HTCUURQJNZBKIA-XFWSIPNHSA-N
751,QVMUHZHZYCDMAI-RYUDHWBXSA-N
753,QPNUGFQLBMFLFT-OBGWFSINSA-N
757,VFENFLGNSRQELY-UHFFFAOYSA-N
759,NUYFKDBCHFKOBT-UHFFFAOYSA-N
765,BCRRDBKZXSRMHL-SSDOTTSWSA-N
771,HUJXHFRXWWGYQH-UHFFFAOYSA-O
773,RRKTZKIUPZVBMF-IBTVXLQLSA-N
775,OCDGBSUVYYVKQZ-UHFFFAOYSA-N
781,UJZQBMQZMKFSRV-XBXARRHUSA-N
785,NPDSHTNEKLQQIJ-SIGMCMEVSA-N
789,KGTUUJMNKKRNKR-VYDXJSESSA-N
791,RJURFGZVJUQBHK-IIXSONLDSA-N
797,AIULWNKTYPZYAN-GOSISDBHSA-N
801,QJAPFSSVKIZTMR-UHFFFAOYSA-N
803,LPLVUJXQOOQHMX-UHFFFAOYSA-N
811,BYTQIIPUIDTMNL-UHFFFAOYSA-N
813,NQNOTBRHBRJKKH-UHFFFAOYSA-N
815,HEURTYMJWQPWNN-UHFFFAOYSA-N
821,AYJLVEAOIKOWIP-DUKVQSBLSA-N
827,XUPOZHDUFRMVTF-UHFFFAOYSA-N
829,YUEGUTWXPBCZPT-UHFFFAOYSA-N
835,YFIMUDXPJZVJJO-UWVGGRQHSA-N
839,NPNNKDMSXVRADT-WEVVVXLNSA-N
843,RPJBXUNEXVNBIF-UHFFFAOYSA-N
849,VCMMXZQDRFWYSE-UHFFFAOYSA-N
851,GZVIQGVWSNEONZ-UHFFFAOYSA-N
853,MQZIGYBFDRPAKN-QISQUURKSA-N
859,OXQKEKGBFMQTML-UHFFFAOYSA-N
867,ZITBJWXLODLDRH-UHFFFAOYSA-N
871,OHHKDUWFPNAEHQ-UHFFFAOYSA-N
873,PKPHZFVECLENRP-QDWLCUAPSA-N
879,INHVGPIPHZJQOP-ZNMIVQPWSA-N
881,QHGUCRYDKWKLMG-UHFFFAOYSA-N
883,KTEXNACQROZXEV-SLXBATTESA-N
889,PCMFSBCRKKRDDK-IGIWBUNKSA-N
893,AEQDJSLRWYMAQI-UHFFFAOYSA-N
895,HLPXMGYELYMAQM-UHFFFAOYSA-N
899,DEFIJGJJJKEYGS-CQSZACIVSA-N
905,UPTPSJJNEWBOBD-UHFFFAOYSA-N
911,BDDNYDPRCCDQQJ-PBHICJAKSA-N
913,KQJSQWZMSAGSHN-JJWQIEBTSA-N
919,PVNIIMVLHYAWGP-UHFFFAOYSA-N
923,NBDQYITZRPEYEM-YXWRBFHGSA-N
925,NZVQLVGOZRELTG-UHFFFAOYSA-N
931,PONPPNYZKHNPKZ-BAHCCNBTSA-N
933,HSMPDPBYAYSOBC-UHFFFAOYSA-N
939,QUQMZWZRFQKNFP-UHFFFAOYSA-N
946,SFQLDKSMEHBZRN-LWZURRPWSA-N
952,GVRNTWSGBWPJGS-YVKFZJNCSA-N
960,BVDHPBILFRQGEC-UHFFFAOYSA-N
966,WXVLCNREBFDEKS-UHFFFAOYSA-N
970,LZXXRASHAINSDN-XEHIIEKUSA-N
978,RZPAKFUAFGMUPI-KGIGTXTPSA-N
980,WBPYTXDJUQJLPQ-VMXQISHHSA-N
982,VEJJMTHWRMKGKN-SJRAPUSDSA-N
984,QPCYNIYZPDJCMB-UHFFFAOYSA-N
988,RSIWXFIBHXYNFM-NSHDSACASA-N
990,PFNFFQXMRSDOHW-UHFFFAOYSA-N
992,HMYJLVDKPJHJCF-UHFFFAOYSA-N
996,ZJBMQVPEJHVSQA-OCYVVMCSSA-N
998,XZLGWJORNHETKI-UHFFFAOYSA-N
1000,FSNITHOUQGJHTR-UHFFFAOYSA-N
1006,QQNSARJGBPMQDI-MZVUKIKXSA-N
1012,AUVVAXYIELKVAI-CKBKHPSWSA-N
1014,OKNVMWXBWKWFGA-ROPCREHHSA-N
1016,LJEJBLOFFDLRIH-GFCCVEGCSA-N
1020,HUCNZRPYZDCCEF-UHFFFAOYSA-N
1024,UULGWGARYDGVBM-UHFFFAOYSA-N
1028,JNELGWHKGNBSMD-UHFFFAOYSA-N
1030,CGUVFWCRUYAIOJ-UHFFFAOYSA-N
1034,QDWGYCCSJIYJAE-WWFRPTEMSA-N
1042,TYDBFNAOFZIICW-UHFFFAOYSA-N
1044,DRTQHJPVMGBUCF-UHFFFAOYSA-N
1046,BPIMOIWHAHUBPJ-SSDOTTSWSA-N
1052,KVNRDSLYCOJCRD-UHFFFAOYSA-N
1056,RRAFCDWBNXTKKO-UHFFFAOYSA-N
1058,XQYZDYMELSJDRZ-UHFFFAOYSA-N
1060,YVRYZXAHRGGELT-MZNUGIIHSA-N
1062,HHSKNLJWHGXWPK-BFMVXSJESA-N
1066,WCNCDVQMEQJFGH-ZZVYCOLKSA-N
1070,XJHDMGJURBVLLE-BOCCBSBMSA-N
1076,FBPFZTCFMRRESA-KVTDHHQDSA-N
1080,DZTHIGRZJZPRDV-UHFFFAOYSA-N
1084,JGGWNGRBXJWAOC-UHFFFAOYSA-N
1088,MQEOTHTYNCMSAN-UHFFFAOYSA-N
1092,ULGZDMOVFRHVEP-RWJQBGPGSA-N
1094,OEWCQSJKSNWJTH-UHFFFAOYSA-N
1096,KQJGPGHQDDZVHJ-ZZXKWVIFSA-N
1098,HFSJWNXFQYKQNX-GTTIYPEBSA-N
1102,RCLFRVZNHRFQGE-UHFFFAOYSA-N
1104,AUNGANRZJHBGPY-SCRDCRAPSA-N
1110,QVCMHGGNRFRMAD-XFGHUUIASA-N
1112,DLNKOYKMWOXYQA-VXNVDRBHSA-N
1114,KSPIYJQBLVDRRI-UHFFFAOYSA-N
1118,NGMQJZCKXKTQID-CSKARUKUSA-N
1122,FTVKHUHJWDMWIR-UHFFFAOYSA-N
1132,ZBHUUXLHDOUMKM-REZTVBANSA-N
1133,LHYHMMRYTDARSZ-UHFFFAOYSA-N
1135,CRAONLIHLOSKGE-UHFFFAOYSA-N
1143,KGYCKUADVHYVLM-UHFFFAOYSA-N
1145,XWKYXEIGWQYOCY-UHFFFAOYSA-N
1149,IAJBQAYHSQIQRE-UHFFFAOYSA-N
1151,XQOSNJUURCKQGN-AXSGJTORSA-N
1155,QKVNMVAISCKGFO-NYWNYWLFSA-N
1161,HGHSJJSYVZPIAW-NWMIEQKASA-N
1167,DBUCFOVFALNEOO-HWBIYQLFSA-N
1169,AJNMXMZCRHTBEH-UHFFFAOYSA-N
1171,JLKWLPLEMBUFOD-UHFFFAOYSA-N
1175,WIONIXOBNMDJFJ-UHFFFAOYSA-N
1177,CBQJSKKFNMDLON-UHFFFAOYSA-N
1181,DVZCOQQFPCMIPO-UHFFFAOYSA-N
1183,ZAKOWWREFLAJOT-UHFFFAOYSA-N
1189,JMSVCTWVEWCHDZ-UHFFFAOYSA-N
1191,IYGYMKDQCDOMRE-ZWKOTPCHSA-N
1197,ZFXYFBGIUFBOJW-UHFFFAOYSA-N
1199,QMGVPVSNSZLJIA-FVWCLLPLSA-N
1201,SPSWAOUJDYQZHR-OIKOUPSRSA-N
1207,ZZGVJHSBRGZEML-UHFFFAOYSA-N
1215,BIQPSTSCCIEMEI-NCHBFNGESA-N
1219,IPMYMEWFZKHGAX-ZKSIBHASSA-N
1223,DZBBOCDYINLWCH-UHFFFAOYSA-N
1229,HEBKCHPVOIAQTA-QWWZWVQMSA-N
1233,KXFFLWDYUNIJNU-BFUOFWGJSA-N
1239,DQNFLBXNPGBCOU-MBGCCUORSA-N
1243,ZEASWHWETFMWCV-ISBUVJFSSA-N
1249,RXPRRQLKFXBCSJ-GIVPXCGWSA-N
1253,LXAMCLNOVGHDMD-UHFFFAOYSA-N
1259,CPHPAWJXZHHPEN-PSOPSSQASA-N
1263,DNXHEGUUPJUMQT-CBZIJGRNSA-N
1267,KLGPVOFVVYHEGO-VBIQWIQDSA-N
1269,ZIUSSTSXXLLKKK-KOBPDPAPSA-N
1271,AHLPHDHHMVZTML-UHFFFAOYSA-N
1273,LZJRNLRASBVRRX-UHFFFAOYSA-N
1277,KUTVEHNZHKAAAO-UHFFFAOYSA-N
1283,BTCSSZJGUNDROE-UHFFFAOYSA-N
1285,LREZRXWUEZCZRU-UHFFFAOYSA-N
1291,LMILVXQXGKTFSZ-UHFFFAOYSA-N
1293,FZSKLHDEGWSLTB-ATYMOLOSSA-N
1295,QPVGQZZKAUMQSM-BJMVGYQFSA-N
1297,TURHNAJJDDIVGC-UHFFFAOYSA-N
1301,OLDFOHABNQZMKB-UHFFFAOYSA-N
1307,SHIBSTMRCDJXLN-KCZCNTNESA-N
1313,MODKMHXGCGKTLE-UHFFFAOYSA-N
1315,QVVPJFBYFYYVDM-LLVKDONJSA-N
1323,QIVBCDIJIAJPQS-VIFPVBQESA-N
1329,APJYDQYYACXCRM-UHFFFAOYSA-N
1331,AUVVAXYIELKVAI-UHFFFAOYSA-N
1333,QWDCJWDUPSTHHK-UHFFFAOYSA-N
1339,BXJAMTIXSSLKAH-UHFFFAOYSA-N
1347,UDDKTZFKFIZQAW-XNHDODSBSA-N
1353,OYRKSWWBFPVHGY-UHFFFAOYSA-N
1357,YOGANETYFUQWIM-PXJZQJOASA-N
1359,JXLYSJRDGCGARV-CFWMRBGOSA-N
1361,HEBKCHPVOIAQTA-UHFFFAOYSA-N
1369,OZHHCUMXMKJHSM-MXAYSNPKSA-N
1373,PHHROXLDZHUIGO-VKLNETFXSA-N
1379,STQGQHZAVUOBTE-VGBVRHCVSA-N
1381,DOUMFZQKYFQNTF-ZZXKWVIFSA-N
1383,SAMXBYLRDCRTCV-HMSDUJDUSA-N
1389,KRJIWNLPONWPOO-UHFFFAOYSA-N
1391,LJYFZKKLKJAKAX-UHFFFAOYSA-N
1393,ZFMSMUAANRJZFM-UHFFFAOYSA-N
1395,WPDITXOBNLYZHH-GGLAWTCMSA-N
1401,KTEXNACQROZXEV-QLIGOWBFSA-N
1407,KQPYUDDGWXQXHS-UHFFFAOYSA-N
1413,PXOYOCNNSUAQNS-AGNJHWRGSA-N
1417,ZAUMFTVHLHASMN-UHFFFAOYSA-N
1423,IBLFDTIZHJLTIF-UHFFFAOYSA-N
1427,VSJKWCGYPAHWDS-FQEVSTJZSA-N
1433,HMJJWFFZRCLIDN-UHFFFAOYSA-N
1437,JZUTXVTYJDCMDU-MOPGFXCFSA-N
1441,CJDRUOGAGYHKKD-SXKXKDIKSA-N
1445,BJPSSVHNEGMBDQ-NUZBWSBOSA-N
1449,KWAMDQVQFVBEAU-BOLFIALASA-N
1457,AOHCBEAZXHZMOR-UHFFFAOYSA-N
1459,QZAYGJVTTNCVMB-UHFFFAOYSA-N
1461,KCINGKZYPYEEGX-UHFFFAOYSA-N
1463,JRJBWKJICGFLDP-UHFFFAOYSA-N
1467,MVNJNWNFUCRWBW-NFAWXSAZSA-N
1469,MIJKZXWOOXIEEU-UHFFFAOYSA-N
1473,LJOQGZACKSYWCH-UHFFFAOYSA-N
1477,YTPRLBGPGZHUPD-UHFFFAOYSA-N
1479,JZECOIINDLDHBV-BBRMVZONSA-N
1481,GRNFGBBADZIGAQ-AAGSZODUSA-N
1485,ACTOXUHEUCPTEW-JMRHEKERSA-N
1489,CRQDWQWZCNKKAC-UHFFFAOYSA-N
1491,LHAMHOYLSNNJQR-UHFFFAOYSA-N
1493,QUOOWFYEPMIYFF-UHFFFAOYSA-N
1499,LUHMMHZLDLBAKX-DBIGVJDZSA-N
1501,RWEVZSYWIIZZFV-UHFFFAOYSA-N
1507,GLDQAMYCGOIJDV-UHFFFAOYSA-N
1511,ROOSGBDAZNISLI-XUBBLTFPSA-N
1517,CJFQIVAOBBTJCI-UHFFFAOYSA-N
1521,AFSDNFLWKVMVRB-UHFFFAOYSA-N
1523,JTHHOHSDOJJNFN-GJQHCXDKSA-N
1525,QRYRORQUOLYVBU-VBKZILBWSA-N
1527,GVERAYRFYVBXKO-UHFFFAOYSA-N
1531,JFACETXYABVHFD-WXPPGMDDSA-N
1535,GFDOSVZSTRYXMK-UHFFFAOYSA-N
1537,FVTCRASFADXXNN-SCRDCRAPSA-N
1539,CAXDNOAMAQQQMX-UHFFFAOYSA-N
1545,SLRCCWJSBJZJBV-ZQDZILKHSA-N
1547,HAWSQZCWOQZXHI-FQEVSTJZSA-N
1555,KSMZUKWIDPCGBS-UHFFFAOYSA-N
1559,XLGNZQXMDVSKOV-UHFFFAOYSA-N
1561,IEVVSJFLBYOUCJ-UHFFFAOYSA-N
1563,PJSKCCANFAFYHW-UHFFFAOYSA-N
1565,GFPLPBCJRRNZHM-DXFPZVFRSA-N
1597,MLKQAGPAYHTNQQ-UJKXLRNUSA-N
1619,WYQVAPGDARQUBT-ZKFJACKJSA-N
1643,LPLVUJXQOOQHMX-FPWVOTIESA-N
1665,AVJNWIDNAJCPRK-AHDPYWBXSA-N
1689,DRZYJIXQEOTQDA-VETDSPFISA-N
1713,LDCLXZSKVDYDBF-NCWMSNPISA-N
1721,IMXVXFLNNGIIDL-DRHONXNKSA-N
1745,YFPIJADURJHEIX-IQSWHJRHSA-N
1759,PUOQHFWXBKTHST-MPLMROMBSA-N
1783,RZQHWSDMLZHIRN-MCTPBCADSA-N
1799,CUOZRGBQTOSWAY-IFBFNMMESA-N
1815,YQDXYGOKFNYKCJ-FIXUWSFMSA-N
1839,AXNXSFBKZQIMPF-RIBCLQTCSA-N
1855,RPWKGRUCXRZSSG-JTABRCNJSA-N
1879,IIIOQVDDEWZCEQ-YKQGQIHISA-N
1901,RYHDIBJJJRNDSX-JINWQKPISA-N
1915,BBPOLSMDPRNEHZ-VDWCOSHKSA-N
1931,CQWIBPNPRFMAOF-XRKGDRAJSA-N
1947,GZNCPAASLBFTKY-BIOGTAEPSA-N
1963,WBCUTGOPTQFPJT-WQPNWDIZSA-N
1987,WPISVUJMLVVSGN-JSILNRSWSA-N
1995,NZNHJGNBLPBNLU-YIKANFTBSA-N
2011,YXSQSVWHKZZWDD-GDSLHKPESA-N
2035,QZMAEZWZCGBZFK-VPQYALDZSA-N
2051,XPZGXZBKRPZWMJ-NSUQAVABSA-N
2067,FSLDBYNJYAUPDI-FIWXFAFXSA-N
2083,ISTWCKNDZOSMPU-VHPXJMBUSA-N
2107,DZVIFFMYEULLBY-NSOPSRGASA-N
2115,CMZFNIMQBCBHEX-TXYDQLOPSA-N
2131,LEEYYHJQGXOXHR-MYZNJVEUSA-N
2139,RCCBGOMNZWYBTJ-UHFFFAOYSA-N
2147,XDYGCIOWNPNVIH-ZYJPSCNZSA-N
2155,SJBWDSQCMPAGHA-UHFFFAOYSA-N
2163,CUANCTHYEDWUMU-KBPBESRZSA-N
2171,ISFMXVMWEWLJGJ-UHFFFAOYSA-N
2179,CLNILJPYOXIKRO-WPSZSDGUSA-N
2187,RTFKMVMUZLBFEW-HEUPFQDZSA-N
2195,NGRRXMZEVSBATO-UHFFFAOYSA-N
2203,AFHJQYHRLPMKHU-WEZNYRQKSA-N
2211,CCNKTMMNRPJQHV-SFHVURJKSA-N
2219,DWKUSIQEYCEKNA-PGYZNXCJSA-N
2227,RMFZYEBIQCUWPE-UHFFFAOYSA-N
2235,YDOTUXAWKBPQJW-NSLWYYNWSA-N
2243,XFCLFWWTDWKJAH-UHFFFAOYSA-N
2251,HPLALXILNGTIHC-WJKVYVNYSA-N
2259,JIEVZPUBUDASNE-UHFFFAOYSA-N
2267,VZSGMNVXQXYFPI-UHFFFAOYSA-N
2275,PMISPNORJONCHB-DKBZVKCESA-N
2283,GJGRGJCMJUMZKN-UHFFFAOYSA-N
2291,UETZJEZFLKASPR-UZWIWUQPSA-N
2299,MKPZLFSGCUYQEY-IAROGAJJSA-N
2307,OESVNVWXOTVKHT-UHFFFAOYSA-N
2315,XBLHNZRXAORYAC-ZBKBUWSTSA-N
2323,PHPXAJCVSGIDFH-UHFFFAOYSA-N
2331,PZYZNVLXKYMURF-UHFFFAOYSA-N
2339,CQIUKKVOEOPUDV-IYSWYEEDSA-N
2347,ABORWESIKJVKBN-NNTCGQASSA-N
2355,MUGQOWYFWURKCM-UHFFFAOYSA-N
2371,UCFGUMMLHWLLKJ-UHFFFAOYSA-N
2379,HGCMCLAKARHJBW-OXWOXFIQSA-N
2387,FSXIRVCJYLNVMM-UHFFFAOYSA-N
2395,FCUGGFFHQXNXJN-NSIIFTAXSA-N
2403,YHEIGYJZSXWHJB-MKICQXMISA-N
2411,QXPNJMHRUZCEAP-OVOCMQAOSA-N
2419,CVISOHZWXIVDFN-SYHQWPJTSA-N
2427,OJPOTPLCXUWMGI-KNFYJXGCSA-N
2435,CWCXONZIEDNVKI-UHFFFAOYSA-N
2443,GQCJWFPDXATUKS-UHFFFAOYSA-N
2451,RFUVOURUUJLQSB-QFFMKFBWSA-N
2459,YAPQBXQYLJRXSA-UHFFFAOYSA-N
2467,UUZWMJQAEYBHAO-UHFFFAOYSA-N
2475,OVMFOVNOXASTPA-UHFFFAOYSA-N
2483,ZKIRVBNLJKGIEM-UHFFFAOYSA-N
2491,XIIAYQZJNBULGD-LDHZKLTISA-N
2499,LWCKQMHMTSRRAA-QGQQYVBWSA-N
2515,RGPDIGOSVORSAK-STHHAXOLSA-N
2523,BFCZPWYLRHFBNO-DTJAAUDXSA-N
2531,QHWOFMXDKFORMO-XVNBXDOJSA-N
2539,KSQNKZMAMGACTL-UHFFFAOYSA-N
2547,UPUIQOIQVMNQAP-UHFFFAOYSA-M
2555,OVBBFGXDDIFFMB-SDPNRITHSA-N
2563,ZMCWALAQRPULMT-UHFFFAOYSA-N
2571,FQTIRVOROACNDP-GNAZCLTHSA-O
2579,UWQYBLOHTQWSQD-UHFFFAOYSA-N
2587,FUSHLLXGTXLRMJ-UHFFFAOYSA-N
2595,HRRAIHOSJIFLNS-FXFIXYPNSA-N
2603,OFAYBXSZQCUARK-UHFFFAOYSA-N
2611,CHSDMOZSQFIUGK-SYPGBUITSA-N
2619,LAUJMTGOOIBBOB-UHFFFAOYSA-N
2627,JYJQDEJTMZLRDG-OSPWRJODSA-N
2635,VVLWYFUJJAWYBP-UHFFFAOYSA-N
2643,ODCQAZGUPKQTMK-GRXQUDFFSA-N
2651,UIKROCXWUNQSPJ-VIFPVBQESA-N
2659,AHNUBWYOIHCGFN-UHFFFAOYSA-N
2667,PEERGVFNQUXNQA-UHFFFAOYSA-N
2675,LQMRAHHWCLZHQD-ZHACJKMWSA-N
2683,NHOIBRJOQAYBJT-WILUFPLZSA-N
2691,HJBUYKZTEBZNSH-UZQFATADSA-N
2699,VDZBWCCJLPCEQQ-UHFFFAOYSA-M
2707,PPZVSYXNLXFYAD-UHFFFAOYSA-N
2715,VGSYCWGXBYZLLE-QEEQPWONSA-N
2723,GMWFLRBBLJCJDG-AVJKRUMUSA-N
2731,LTNSOYZGFPWHOF-UHFFFAOYSA-N
2739,UBJVUCKUDDKUJF-UHFFFAOYSA-N
2747,RCOCBDNPQGVEDL-KEBDBYFISA-N
2755,MJMMUATWVTYSFD-YDFGWWAZSA-N
2763,IHXLRPOTFALLKF-UHFFFAOYSA-N
2771,CTJPDNXMUMTMJX-UHFFFAOYSA-N
2779,UTKZLHKWTSXNQI-UHFFFAOYSA-N
2787,QJOZJXNKVMFAET-UHFFFAOYSA-N
2795,MYXNOIIPXWBFFR-UHFFFAOYSA-N
2803,FSTIKTPQGMHLFJ-AIECACTBSA-N
2811,MCAIMPGCWVIODY-PHTUBKJSSA-N
2819,ZTNYRNGTBAGYIZ-VAWYXSNFSA-N
2827,NTOXIMPFEPXTTB-GNXRPPCSSA-N
2835,VOYCJQSSBDMXNQ-YZGKFDMESA-N
2843,VDRDRMCAECTSGB-UHFFFAOYSA-N
2851,LKLLJYJTYPVCID-JVVXYUKTSA-N
2861,PQXBZFLVJGBOAD-VZJVUDMVSA-N
2869,DRSKVOAJKLUMCL-XOTQLGGZSA-N
2877,QJUWGGININGVSC-UHFFFAOYSA-N
2885,LFKOAMYSZTZFIS-JFIZLKPCSA-N
2893,IOMBMOCSWVAYQU-UHFFFAOYSA-N
2901,VURKRJGMSKJIQX-UHFFFAOYSA-N
2909,JYWRCSAWBUAIFO-KRRNMHNDSA-N
2917,WBBCTOKMKWQACG-AUEPDCJTSA-N
2925,GWVCYAYKRPLWGK-AAMZJHKISA-N
2933,QUBRRXBPXPHDJO-UHFFFAOYSA-N
2941,AZFFBGWLLZUTDW-CTASIPILSA-N
2949,AKJIPZYHXYQVJT-UHFFFAOYSA-N
2957,IOSXSVZRTUWBHC-LBTVDEKVSA-N
2965,GLNIOASGXMEGTM-LTPBQMFOSA-N
2973,HRLBXTNYZCUPNV-LMPGLMATSA-N
2981,IADWMRZHOGHTMQ-UHFFFAOYSA-N
2989,CMKFQVZJOWHHDV-QYWJTTNJSA-N
2997,OIXPKFRMEUTHOG-UHFFFAOYSA-N
3005,PWAOOJDMFUQOKB-DQASNDRCSA-N
3013,IIJLVJMZYPZQLW-MZVUKIKXSA-N
3021,ZRZWBWPDBOVIGQ-OEORQBFISA-N
3029,UKLPMOHKLUPGON-JEXZMAAQSA-N
3037,MTCOVRSZCNNQLP-UHFFFAOYSA-N
3045,FCNLMUQPSJEBQE-UHFFFAOYSA-N
3053,OCPITUSJSRGORS-UHFFFAOYSA-N
3061,JZRWCGZRTZMZEH-UHFFFAOYSA-N
3069,AVAQRWVGWWNBIN-CUAUGLLKSA-N
3077,LNHNOBYJWYNHSB-YSURURNPSA-N
3085,APZDDWSEXQOLKA-DHDCSXOGSA-N
3093,RSFFUWNYMOEBFP-RUIYBKDTSA-N
3101,NMZWRJYNVFANDI-XTUJKMMFSA-N
3109,PASZRDILCDRSOZ-UHFFFAOYSA-N
3125,ADVGKWPZRIDURE-UHFFFAOYSA-N
3133,ARRRKSYGKYIGBH-KABRLWMDSA-N
3141,RNCWKUCWPBNWOH-SOFGYWHQSA-N
3149,CLEXYFLHGFJONT-GDMKTYFQSA-N
3157,KJBDTBUYUDRWMT-VDUSSSJLSA-N
3165,AMTSLHRSERHBCF-IBQNZTRDSA-N
3173,JMBKXUYCBVKSSY-OMOCHNIRSA-N
3181,VHVOLFRBFDOUSH-NSCUHMNNSA-N
3189,YWJXCIXBAKGUKZ-HJJNZUOJSA-N
3197,DOUKEKLEUAGITQ-NJHPPEEMSA-N
3205,OTGHTIDLDTWPFJ-ROQUJFDLSA-N
3213,XIYSEKITPHTMJT-UHFFFAOYSA-N
3221,YWASZTJGPFRWMW-BJMVGYQFSA-N
3229,XMBZZLUIFFOAHR-HWKANZROSA-N
3237,RAFGELQLHMBRHD-IFNPSABLSA-N
3245,GJZJZRWFRZFTEE-ARJAWSKDSA-N
3253,OFUTZNNUWRTXHO-RQGSMOOYSA-N
3261,JBNMHJLAARQCFY-KPSZGOFPSA-N
3269,YRRAGUMVDQQZIY-UHFFFAOYSA-N
3277,LJUJJGHPDOTAAY-VSYUZHQVSA-N
3285,XLWWERNKTLITEF-FOUFQHLJSA-N
3293,GYFFKZTYYAFCTR-JUHZACGLSA-N
3301,FTNJWQUOZFUQQJ-NDAWSKJSSA-N
3309,AZKQDXZMKREFDY-LGKDJQOASA-N
3317,PSFMBXYUQFAGAM-QPJJXVBHSA-N
3325,NEGCNVRPGPHOAR-CCLLZULESA-N
3333,INOSMXBKABLUIL-KOOLHJLFSA-N
3341,HILBWEPXZDMOAE-UHFFFAOYSA-N
3349,RGTIBVZDHOMOKC-UHFFFAOYSA-N
3357,PPGUUDJMTMGALC-UHFFFAOYSA-N
3365,BTCICADMSGBCKA-UHFFFAOYSA-N
3373,SEYOLRVULPTURM-IQXADPPTSA-N
3381,LKVIDBLGZHMPCV-HLAATANNSA-N
3389,FQWLMRXWKZGLFI-PAKBJIOWSA-N
3397,SPBDXSGPUHCETR-JFUDTMANSA-N
3405,FLEXCYTURSFUNC-UHFFFAOYSA-N
3413,PNYQFRZBMVRYFC-CGWYSGAGSA-N
3426,DQNIDSLDXGTEPL-UHFFFAOYSA-N
3434,QYSIAYFWYFMESL-UHFFFAOYSA-N
3442,FISIJWVRKFHLSM-UHFFFAOYSA-N
3450,CBSOFSBFHDQRLV-UHFFFAOYSA-N
3458,JSQKCXPOJUGOCX-LWZURRPWSA-N
3466,PDYBUYVOPAJLKP-UHFFFAOYSA-M
3474,MHOOPNKRBMHHEC-HZIBQTDNSA-N
3482,JECOCDKQCZSANH-RFKAOMIISA-N
3490,AVIRMQMUBGNCKS-GQCTYLIASA-N
3498,WVMBPWMAQDVZCM-UHFFFAOYSA-N
3506,VMCFTVWDHVWSOB-GXDHUFHOSA-N
3514,KRXLVSZOLMEYHF-RIKZZRQGSA-N
3522,MUQNMJSHMPEZCV-JHCRVGSQSA-O
3530,YKJYKKNCCRKFSL-BFHYXJOUSA-N
3538,HMGCTPMQYVGXSC-SNAWJCMRSA-N
3546,KFNWMXLJLRPJCL-MDWZMJQESA-N
3554,NOHXYGXFTACADH-JHLBFKOCSA-N
3562,XMJAJFVLHDIEHF-CRBRZBHVSA-N
3578,VYQXIUVIYICVCM-UHFFFAOYSA-N
3586,PENSQRMNZZWMGV-UHFFFAOYSA-N
3594,VYHHSBHXZVSILO-UHFFFAOYSA-N
3602,ZVIWXYIZIRJDPV-LOOBPLDSSA-N
3610,HBMCQTHGYMTCOF-UHFFFAOYSA-N
3618,XYPPDQHBNJURHU-RHFXQVJCSA-N
3626,LEXDMFDDGUTINX-UHFFFAOYSA-N
3634,ZLACPIJRVKLLJM-UHFFFAOYSA-N
3642,MOLWVPJZUNCMGV-UHFFFAOYSA-N
3650,NSIUWPVISVFSGF-UHFFFAOYSA-N
3658,NSYSSMYQPLSPOD-UHFFFAOYSA-N
3666,ZDSBUUDXDQSCSK-DEDYPNTBSA-N
3674,JVUYBLROBHJEJN-NEPJUHHUSA-N
3682,TVHDZSRRHQKNEZ-UHFFFAOYSA-N
3690,ZVYMCLIDNNTNCL-GFRRLMGDSA-N
3698,RHOQRBVFJSAQTR-UHFFFAOYSA-N
3706,FBRKYRSUSJWLHH-UHFFFAOYSA-N
3714,LNFRDRVVARCALE-UHFFFAOYSA-N
3722,ADPBTBPPIIKLEH-UHFFFAOYSA-N
3730,JHEWMLHQNRHTQX-UHFFFAOYSA-N
3738,CNIWQELMLPUFOS-NVSXQWMQSA-N
3746,XKWWCTISHMFHJB-UHFFFAOYSA-N
3764,SWZMSZQQJRKFBP-WZRBSPASSA-N
3772,RRZXIRBKKLTSOM-XPNPUAGNSA-N
3780,XUCIJNAGGSZNQT-KDDLJKRCSA-N
3788,NFINSJKQOBJWEB-WAQLSPKVSA-N
3796,NNWMHSNRRWMMBI-CTLQTXLOSA-N
3804,LFXMHSJWYXKODM-UHFFFAOYSA-N
3812,XJMPAUZQVRGFRE-UHFFFAOYSA-N
3820,ATNAJMVRCNQHAG-AAXSTCLUSA-N
3828,ZKFPZHCUDJBDJO-UHFFFAOYSA-N
3836,LEXLFIULVWKBPT-FXLGSDSZSA-N
3844,ORXMVTNKIKCWMQ-JBAQQFLCSA-N
3852,QVSFEOQJKPOOHP-UHFFFAOYSA-N
3860,XKXZAYIPFRBKHT-UHFFFAOYSA-N
3868,CAHQQYHQUHYOGU-GBLFQTLVSA-N
3876,YVOIYLIDBGUQGX-UHFFFAOYSA-N
3884,RCKDDMWGRIYLCN-WRHFRISWSA-N
3892,JSXYBZIRJXMIMK-UHFFFAOYSA-N
3900,LSGOTAXPWMCUCK-UHFFFAOYSA-N
3908,MKSVFGKWZLUTTO-FZFAUISWSA-N
3924,VCNDHJFYRZQMHX-KPKJPENVSA-N
3932,UXDPXZQHTDAXOZ-CYCMICDFSA-N
3940,LZRMGGWCVAVBJA-UHFFFAOYSA-N
3948,AXOJRQLKMVSHHZ-UHFFFAOYSA-N
3956,PUETUDUXMCLALY-UHFFFAOYSA-N
3964,KEQHJBNSCLWCAE-UHFFFAOYSA-N
3972,OJOBTAOGJIWAGB-UHFFFAOYSA-N
3980,MJPYNCPSXRTGEE-QPJJXVBHSA-N
3988,LWUQVHKGVXRUPD-UHFFFAOYSA-N
3996,LCTORFDMHNKUSG-XTTLPDOESA-N
4004,KDWWYRPEBULRGU-KIZWGXMFSA-N
4012,QPNFBUARICHXGG-QPJJXVBHSA-N
4020,QERAXRDNYJPTRN-UHFFFAOYSA-N
4028,CHQMIQBQLGDCJJ-AAGTZVQDSA-N
4036,HFMDLUQUEXNBOP-UHFFFAOYSA-N
4044,DHHMFNAGLVIOCZ-LVPKXVBFSA-N
4052,VFLDPWHFBUODDF-FCXRPNKRSA-N
4060,IHLWXZNPOVMUFQ-UHFFFAOYSA-N
4068,SSFXFPCIUUFGJD-UHFFFAOYSA-N
4076,MLSVKXQHUTYXHD-VIZOYTHASA-N
4084,TZPGGHIYBMWPBI-UHFFFAOYSA-N
4092,QOMBXPYXWGTFNR-JBZRFGBVSA-N
4100,OLARKEMZPWGFJU-UHFFFAOYSA-N
4108,LZAZGDZVFQSCFO-UHFFFAOYSA-N
4116,SCUSKAVTYFDOEU-YLHHEPAUSA-N
4124,VLSMHEGGTFMBBZ-OOZYFLPDSA-N
4132,TXZUPPVCNIMVHW-AJMZACEDSA-N
4140,SWRXIGFQDQTNKP-UHFFFAOYSA-N
4148,FEIQOMCWGDNMHM-KBXRYBNXSA-N
4156,DIAOGWYBBJCPAD-UHFFFAOYSA-N
4164,FFXYBQSGDXRLHS-UHFFFAOYSA-N
4172,NLBYRERHXBTBBR-UHFFFAOYSA-N
4180,OWCRARVHWCCRAG-UHFFFAOYSA-N
4188,DYDCUQKUCUHJBH-UWTATZPHSA-N
4196,PMATZTZNYRCHOR-KMSBSJHKSA-N
4204,ZRJBHWIHUMBLCN-UHFFFAOYSA-N
4212,VATYWOIGKMMCMM-QHQUPYHQSA-N
4220,IQAMTZLKUHMPPE-UHFFFAOYSA-N
4228,MDKCFLQDBWCQCV-UHFFFAOYSA-N
4236,TYXFVKGQQWDJKA-YFXVJPQZSA-N
4244,UBAXRAHSPKWNCX-UHFFFAOYSA-N
4252,KNHGVVIGMKZOJB-UHFFFAOYSA-N
4260,DIPALNDKWHCLEA-UHFFFAOYSA-N
4268,ZWTDABBYXDAIOL-UHFFFAOYSA-N
4276,ZRZQXSGEIJXJEO-RBBKRZOGSA-N
4284,QOIHIEPXTNMSSM-WMZJFQQLSA-N
4292,WAPMVTHIMHEOAB-UHFFFAOYSA-N
4300,RCINICONZNJXQF-MZXODVADSA-N
4308,IDPRQTHSAHGSDW-BTOUMFIXSA-N
4316,QUKCKUMUBOPETR-AHRVIBDXSA-N
4323,FKMASXTUONWHBB-UHFFFAOYSA-N
4331,AYPVXVNRUYEYPR-WNWAKERUSA-N
4339,JMCVYQUHLKARLD-UHFFFAOYSA-N
4347,CSVOJBHLRRLOJX-UZSHRYPHSA-N
4355,DLZMKPZOEYKXHQ-MQCRQNCBSA-N
4363,ZDJWTWORZULMCQ-UHFFFAOYSA-N
4371,MACFXELYCBWKGT-VFTFQOQOSA-N
4379,XIHUXEHAQPSMTF-SIMDOIPESA-N
4387,WTDRDQBEARUVNC-LURJTMIESA-N
4395,OFPMGMVAOWDSRN-VNEUDPKJSA-N
4403,ZYVSOIYQKUDENJ-YVQLHGKOSA-N
4411,STYCQQCWPHBTIH-UHFFFAOYSA-N
4419,MPMJLHQXZNLSCP-SDNWHVSQSA-N
4427,CEMXHAPUFJOOSV-UHFFFAOYSA-N
4435,KHGBORGCCDJDRD-RLFHBHCYSA-N
4443,OZESVNMBZAEFCX-BQYQJAHWSA-N
4451,AQZHBCDRWFMXIN-UHFFFAOYSA-N
4459,XJTXBUKLGQCZHC-XFQAVAEZSA-N
4467,OPAWQGXUUDQIPB-SFNIKPSXSA-N
4475,DFPAKSUCGFBDDF-UHFFFAOYSA-N
4483,RCFGIEPQSDGMJJ-UHFFFAOYSA-N
4491,DVLLGHPCJPEUHA-UHFFFAOYSA-N
4499,XUWSHXDEJOOIND-MEVVXUJLSA-N
4507,NEIIKBWBBCJSQU-JNTDTDGQSA-N
4515,OGCGLORCFYTCJG-SBRVMSJJSA-N
4523,JGXZVDAPLSTBGZ-UHFFFAOYSA-N
4531,LFYJSSARVMHQJB-QIXNEVBVSA-N
4539,PDAYUJSOJIMKIS-SNAWJCMRSA-N
4547,BJNLLBUOHPVGFT-QRZIFLFXSA-N
4555,ZIAXNZCTODBCKW-WCIBSUBMSA-N
4563,WDMQLCVSWBENIY-QZTRPTDZSA-N
4571,HQKAYCHMYMSSEQ-AUWJEWJLSA-N
4579,DRLFMBDRBRZALE-UHFFFAOYSA-N
4587,HARGZZNYNSYSGJ-UHFFFAOYSA-N
4595,ONMLNUSSUHTGJO-UHFFFAOYSA-N
4603,UDSPVVBVMAWQTL-ZPEFJKHXSA-N
4611,RETJNOLVDRGHMX-TXUSJQNKSA-N
4619,FDLLEBFMOIHMNM-UHFFFAOYSA-N
4627,GFFGJBXGBJISGV-UHFFFAOYSA-N
4635,CIWBSHSKHKDKBQ-JLAZNSOCSA-N
4643,QUVRUINWOFZNJL-QNMVXEMISA-N
4651,YKXBRUJZXGRVCQ-SJYGTEHGSA-N
4659,ZHVLPKFAODFQST-BMVMOQKNSA-N
4667,MFIXKYXSBNIMPX-PMLYRHIJSA-N
4675,YMFLMFCNFNRUFO-MGDWAEGFSA-N
4683,GAIVGINVGXHEIA-ZAAJWPAISA-N
4691,XLOPRKKSAJMMEW-UHFFFAOYSA-N
4699,LJSWMDKKEBOERP-LBPRGKRZSA-N
4707,IOZVKDXPBWBUKY-LQIBPGRFSA-N
4715,KLPWVMFJDOIILT-UHFFFAOYSA-N
4723,IXFPJGBNCFXKPI-YBFXNURJSA-N
4731,SLYDIPAXCVVRNY-BBJHAQHQSA-N
4739,TXPRZPDVUZCNLB-YECGNMMBSA-N
4747,PKTVMNKLPFVXBH-UHFFFAOYSA-N
4755,BWSQDEWKZUMVIG-ACCUITESSA-N
4763,AZEASYGWRLHADI-UHFFFAOYSA-N
4771,QOLJILMTPKQQQA-KWEBYEANSA-N
4779,GBKCPBPYMRGRKL-UHFFFAOYSA-N
4787,SSQAXSNCMRBPGJ-UHFFFAOYSA-N
4795,JGQBYBXYRUCBQY-UHFFFAOYSA-N
4803,ZQHJXKYYELWEOK-RNHVSHAASA-N
4811,YPHMISFOHDHNIV-UHFFFAOYSA-N
4819,ZJVAFHQPKMPTIF-DFHFZADESA-N
4827,PETSAYFQSGAEQY-UHFFFAOYSA-N
4835,IAKHMKGGTNLKSZ-INIZCTEOSA-N
4843,GLXYKTASIIUSRC-UHFFFAOYSA-N
4851,JKTSDLANZJEZMK-UHFFFAOYSA-N
4859,QKDHVEHKHGYWMD-UHFFFAOYSA-N
4867,FOAPBJMMOXYHAN-UHFFFAOYSA-N
4883,OUYDFTJZSVOQJE-QQXREOSWSA-N
4891,QXAYVHFIMKYRKA-UHFFFAOYSA-N
4899,MKVDFFROCUECAJ-CKDSBIORSA-M
4907,WPPYDDRXZLFEFL-VOTSOKGWSA-N
4915,GTZCVFVGUGFEME-IWQZZHSRSA-N
4923,QHMBSVQNZZTUGM-MSOLQXFVSA-N
4931,GIWAJLOUUBQKKA-UHFFFAOYSA-N
4939,RXRSNDCGNOOFLH-VZNNHAMSSA-N
4947,QBKSWRVVCFFDOT-UHFFFAOYSA-N
4955,RLYPFWBODVDUHT-UHFFFAOYSA-N
4963,NUXKLJINNAOFAH-GLKIMFHVSA-N
4971,KHWKLNXMSVVKCH-UHFFFAOYSA-N
4979,ORMBYUPZHHWUEM-UHFFFAOYSA-N
4987,RGSHXVKKSKRNJG-PZFYVFTCSA-N
4995,MEYZYGMYMLNUHJ-WYMLVPIESA-N
5003,TWDKEWYUAIMHMA-UHFFFAOYSA-N
5011,JGUYJMIAKPTIAH-CPYUNXKESA-N
5027,DFQUSLQYURJBIT-MFKXNLKNSA-N
5035,UTGBBPSEQPITLF-IXRUDUFRSA-N
5043,WEJZLJFKUYPPDV-UHFFFAOYSA-N
5051,UJQXYSRVSXKEES-YIERNNEGSA-N
5059,DEJPAJWPCTUPPL-YPMHNXCESA-N
5067,QUCGBWQRLWOVBR-BBJJSLPGSA-N
5075,WCAMADNGWUBZMH-ZBVBGGFBSA-N
5083,JUXUXBIHGDQKND-UHFFFAOYSA-N
5091,CDYGRHOHQUXDMN-UHFFFAOYSA-N
5099,MPAKYMOQGZITTQ-UHFFFAOYSA-N
5107,UNORIIWPFZFSEC-UHFFFAOYSA-N
5115,YCGPBVPZHGYLBK-HYMQDMCPSA-N
5123,LBZMXGLPRHGPRE-UHFFFAOYSA-N
5131,PEEGIHKIWQFTKW-PWEDHXQCSA-N
5139,VABYUUZNAVQNPG-BQYQJAHWSA-N
5147,WZNJWVWKTVETCG-UHFFFAOYSA-N
5155,ZSKDVJYWOHBGNI-UHFFFAOYSA-N
5163,BQRISQXLSXCXSC-UHFFFAOYSA-N
5171,GAEHQHKGPCGEPQ-MNCNJHOVSA-N
5179,NKNHYXCDCIOHRT-CWAIYLBLSA-N
5187,JYVXNLLUYHCIIH-UHFFFAOYSA-N
5195,PCASZNXKLGTEGB-MDWZMJQESA-N
5203,YBJHBAHKTGYVGT-ZKWXMUAHSA-N
5211,FDYFHDKFDSGDKM-UHFFFAOYSA-N
5219,OOEOVXMORBPOKC-LNBSYBDWSA-N
5227,BRQQPHKRRCUYLA-UHFFFAOYSA-N
5235,KFJNVVJUICKJEQ-LQDZTQBFSA-N
5243,WJMFXQBNYLYADA-UHFFFAOYSA-N
5251,ZMOXNUGOJSHBRR-VOTSOKGWSA-N
5259,FBFMBWCLBGQEBU-IDIAXEKKSA-N
5267,PSFDQSOCUJVVGF-UHFFFAOYSA-N
5275,CFAJIMXUZRPYDP-GHCUZIKHSA-N
5283,OPAORDVBZRVVNQ-LCYFTJDESA-N
5291,DJDRQIXLFYUYAA-UHFFFAOYSA-N
5299,VVWSVSOPOPDXMM-VXHRKZPFSA-N
5307,LUNCZNVVYHFMOQ-ZCHNZJOUSA-N
5315,UQCSETXJXJTMKO-HLRZJIOYSA-N
5323,SXOVHHHRXOYVGV-UHFFFAOYSA-N
5331,IRBLIRNSGBXQFB-HJOPEMAASA-N
5339,NZNSOPHQRHNYSM-ZHACJKMWSA-N
5347,PGOMXBOHQUBUMI-YHYXMXQVSA-N
5355,YIWJEBPTHXRHQF-LLMLIWGDSA-N
5363,XWOZTQQJYJMHSX-DHZHZOJOSA-N
5371,DGBNCMKQNOJCFB-UHFFFAOYSA-N
5379,VWHCJIZYMBSOMV-OROXWWDISA-N
5387,DKYFESWWIPJYTA-DVQDXYAYSA-N
5395,BNOWPELKBYSHKU-GFZHNTIHSA-N
5403,GRZRQKSQIMICPO-RSCYJRMKSA-N
5411,CBJNLOVRAFQEQH-VUIINJGZSA-N
5419,IVYXJYNRIKSGRV-UHFFFAOYSA-N
5427,ULZFTGWWPHYLGI-UHFFFAOYSA-N
5435,MGSRCZKZVOBKFT-UHFFFAOYSA-N
5443,VOCJFEUCJDTXSA-UHFFFAOYSA-N
5451,OXNYNKGAOAFFBD-AHZIVMAWSA-N
5459,IPWPEUJWMOPJDG-MOPGFXCFSA-N
5467,LISLGICORSJAKO-UHFFFAOYSA-N
5475,POOKHYNGUAZJAE-ZTHROODHSA-N
5483,KLKLIUIRQAMTAJ-UHFFFAOYSA-N
5491,IHGAMZBDEOTTEW-UHFFFAOYSA-N
5499,PCLOCELNWLWLIJ-GEVOZVPXSA-N
5507,WJPRKOJNQIZCGY-OZOLURDPSA-N
5515,KJVWRZGLXRPUHV-FSBSVGJXSA-N
5523,QXRDTLAXUJONPD-QPJJXVBHSA-N
5531,GXJSAHXNLJFDPO-CGBXWHSCSA-N
5539,QMYWKFZKRYCUMA-UHFFFAOYSA-N
5547,MPOXQBRZHHNMER-RVZXZRSKSA-N
5555,XIWMRKFKSRYSIJ-GYKMGIIDSA-N
5563,IVOBIIPKUUYUPR-UHFFFAOYSA-N
5571,BIHIEAXOTSXYAE-NAGHFMSUSA-N
5579,GYPNBQUSNIBSGD-DUDHYVAZSA-M
5587,NWQISSNHRDDWRM-UHFFFAOYSA-N
5595,DSCFFEYYQKSRSV-UHFFFAOYSA-N
5603,RHGKLRLOHDJJDR-BYPYZUCNSA-N
5611,KNGBXFMEGLRFHV-PRKJJMSOSA-N
5619,DKHGMERMDICWDU-GHDNBGIDSA-N
5627,CKZNKYSWWCSICZ-GTJIABFSSA-N
5635,OZDABLANSWPSGY-UHFFFAOYSA-N
5643,IXRKDGGGFFCRIR-UHFFFAOYSA-N
5651,PAUOGYOKNANFIB-IRXKVGRSSA-N
5659,XZFSMUXVAYCHFO-QREHLELFSA-N
5667,KNEQPJSDSYNUHP-SOFGYWHQSA-N
5675,SIOXYUXOHTZOOM-FOCBMKBOSA-N
5683,HDDNZVWBRRAOGK-QVANJIRPSA-N
5691,KSQDOQZKXFUZMV-NWRWIZDFSA-N
5699,GFFOBQNFESRPJR-JKHMXVTDSA-N
5715,AJAGLPDYKVWJQE-SQGFOMTPSA-N
5723,ZROGCCBNZBKLEL-MPRHSVQHSA-N
5731,VBFIGWHJNDFEIS-UHFFFAOYSA-N
5739,OKBWVJGQTFYYQA-UHFFFAOYSA-N
5747,QGQSOVLOEOVNRW-KSHKLCIXSA-N
5755,ZJOJKSKTNZMQCX-BRPHUSHRSA-N
5763,UDVTWMLZUGXNQM-UHFFFAOYSA-N
5771,JQCBBCVOQHOGTI-HROOPKDASA-N
5779,CEERFMUHIRRAPN-UHFFFAOYSA-N
5787,SYGQXRLXOOXDRP-UHFFFAOYSA-N
5795,XWFQRXGYJJOFCO-UHFFFAOYSA-N
5803,LJNNQVFOVQWDMN-UHFFFAOYSA-N
5811,IAYQFYAFBVYKJZ-DGEPIGJSSA-N
5827,JOZKFWLRHCDGJA-UHFFFAOYSA-N
5835,YKAQENKKQWMYFZ-SLELSECNSA-N
5843,VKJGBAJNNALVAV-UHFFFAOYSA-M
5851,MHJLKHNHGMUAPQ-UHFFFAOYSA-N
5859,OWRMMXDXVOHFNG-LLJXEUITSA-N
5867,IWDKJDOUWOTZPS-PXNMLYILSA-N
5875,ATUHGDXZHWBGHX-SXFANQPWSA-N
5883,ZFDAUYPBCXMSBF-UHFFFAOYSA-N
5891,WBLZUCOIBUDNBV-UHFFFAOYSA-N
5899,VOXXWSYKYCBWHO-UHFFFAOYSA-N
5907,VJOIIYDQDMELSU-OVCLIPMQSA-N
5915,NWNMAVFXIRDAPM-BTFXEFBNSA-N
5923,IMAGWKUTFZRWSB-HWKANZROSA-N
5931,PYVBFDCHJDMSMM-MFUUIURDSA-N
5939,JMQMNWIBUCGUDO-WHFBIAKZSA-N
5947,YBNXVKHEQXZPFB-XMMWENQYSA-M
5955,QNSISMOIISIICW-URUDKTPYSA-N
5961,BYWWNDLILWPPJP-REXWONOSSA-N
5969,CIEYTVIYYGTCCI-UHFFFAOYSA-N
5977,IYFMBSVAOKIIHT-FENIPWANSA-N
5985,MXXWOMGUGJBKIW-YPCIICBESA-N
5993,LFRFNLMDZHTVHB-UHFFFAOYSA-N
6001,JXOHGGNKMLTUBP-HSUXUTPPSA-N
6009,GZSQKOFXMZDKPV-DERWZFJFSA-N
6017,HXCUIEYBVCYJPX-UHFFFAOYSA-N
6025,QLJODMDSTUBWDW-UHFFFAOYSA-N
6033,QANMHLXAZMSUEX-UHFFFAOYSA-N
6041,WKRLQDKEXYKHJB-HFTRVMKXSA-N
6049,FBZONXHGGPHHIY-UHFFFAOYSA-N
6057,FXOBIDROVMXPBW-UHFFFAOYSA-N
6065,TZOHVRDKXUMVIU-UHFFFAOYSA-N
6073,AGNGYMCLFWQVGX-PEQLYWQKSA-N
6081,JNELTBHOLOQEJH-LPULDKDHSA-N
6089,WTQWDNIIFGEBSZ-ROAVRGLVSA-N
6097,SMEROWZSTRWXGI-HVATVPOCSA-N
6105,KPWKPGFLZGMMFX-UHFFFAOYSA-N
6113,KRRMMMSUTGHBPX-FGYXROSISA-N
6121,PXQPEWDEAKTCGB-UHFFFAOYSA-N
6129,FSBIGDSBMBYOPN-VKHMYHEASA-N
6137,YBDIZQWDBBOOFB-GOTSBHOMSA-N
6145,REJLGAUYTKNVJM-SGXCCWNXSA-N
6153,MPAYQRIVOSEDQH-WEVVVXLNSA-N
6161,SXWOFRLEPIYRBS-GWDZWKDSSA-N
6169,QUSMURJIBTWAOP-WUXMJOGZSA-N
6177,XQIGVMVJGPFNDE-UHFFFAOYSA-N
6185,AHYOMNWKYGMYMB-CIEFDVMPSA-N
6193,TUUBGLDJKKCMRH-NNNVMGKSSA-N
6201,RTNGMIUMJUOABT-ONKYJICLSA-N
6209,TXIKNNOOLCGADE-UHFFFAOYSA-N
6217,DATAGRPVKZEWHA-YFKPBYRVSA-N
6225,OMZRMXULWNMRAE-BMRADRMJSA-N
6233,PUFYSEQCTZERQM-UHFFFAOYSA-N
6241,NRQCIBSGSINRCF-KNTRCKAVSA-N
6249,DVWKMCPPEMUHBE-RAGYRXETSA-N
6257,YOELDOOOBJSHSZ-SRFZOMHBSA-N
6265,YLIUZRWENFNXMA-UHFFFAOYSA-N
6273,FYVKHLSOIIPVEH-RVDMUPIBSA-N
6281,HLUCICHZHWJHLL-UHFFFAOYSA-N
6289,KIWTVJVARRPBPR-UHFFFAOYSA-N
6297,JJKCJXIYVNHIOS-UHFFFAOYSA-N
6305,JTHHOHSDOJJNFN-ZXSHYABSSA-N
6313,GQKXCBCSVYJUMI-RCGCBBHSSA-N
6321,VUGMGEQWBOCMAV-QLEKUEJFSA-N
6329,AROQRNPRGIWLRE-CGJKORLASA-N
6337,WBEFPLHFVLPKHQ-UHFFFAOYSA-N
6345,XWHQCPICYIBGNB-XLLMKQGQSA-N
6353,CMIGVNMYXBHBKY-UHFFFAOYSA-N
6361,JNKVBUQSDAHKDQ-VQHVLOKHSA-N
6369,PNFIGXHZFOIEAJ-DMWKKASYSA-N
6377,IEBFEMIXXHIISM-RJSCAXEBSA-N
6385,VUHCEJPYCQSKEW-UUILKARUSA-N
6393,ZDXPYRJPNDTMRX-VKHMYHEASA-N
6401,HSPFMJHHANCXBY-UHFFFAOYSA-N
6409,QYINOGPWFQBOJX-MDZDMXLPSA-N
6417,LJONQULKOKMKBR-UHFFFAOYSA-N
6425,LIFSGPPJRHEFEY-DJKKODMXSA-N
6433,XPUOZJJNPJXFTD-UHFFFAOYSA-N
6441,KIDYUEHQXIEBGK-UHFFFAOYSA-N
6449,HYXITZLLTYIPOF-UHFFFAOYSA-N
6457,NWBWCXBPKTTZNQ-BAERZWJTSA-N
6465,XGQQRJZRTBKBRM-APTQHQDLSA-N
6473,ZRWPUFFVAOMMNM-UHFFFAOYSA-N
6481,JAFYVMQCMOZABG-TVKJYDDYSA-N
6489,XMGQYMWWDOXHJM-JTQLQIEISA-N
6497,MVWXLRYZCZSBKW-OQLLNIDSSA-N
6505,ALJXWCROGAMOBL-PMFZVJTOSA-N
6513,QWCNQXNAFCBLLV-RCQSYPNMSA-N
6521,KPXIBWGPZSPABK-FXAWDEMLSA-N
6529,JMIAZDVHNCCPDM-UHFFFAOYSA-N
6537,FTTQBBNJVTYJPS-AATRIKPKSA-N
6545,JBFBTBFJYNNYPW-ZXWRBSQSSA-N
6553,LEEDEKWKJVUWGA-AVFOEOQDSA-N
6561,WJHQHAFOOMOTBJ-MSHADUKESA-N
6569,NDSUKTASTPEKBX-LXXMDOISSA-N
6577,YLXIPWWIOISBDD-NDAAPVSOSA-N
6585,NIXDINZDFZJZHG-LUAWRHEFSA-N
6593,JAAFNWYGLROOGI-UHFFFAOYSA-N
6601,VEDWXCWBMDQNCV-UHFFFAOYSA-N
6609,GNJUNLNJRMFETA-AGJGHFFWSA-N
6617,HGVAHYJMDVROLE-UHFFFAOYSA-N
6633,KVQVEJPIQHNLTM-UHFFFAOYSA-N
6641,COHYTHOBJLSHDF-BUHFOSPRSA-N
6649,GHKISGDRQRSCII-ZOCIIQOWSA-N
6657,PKKTXAMCHLIVDS-UHFFFAOYSA-N
6665,IWIANZLCJVYEFX-UHFFFAOYSA-N
6673,RHBGITBPARBDPH-UHFFFAOYSA-N
6681,GUVJPXABQYFWPD-GSZDNMEJSA-N
6689,QYCCCSUFDHWKRW-KSHKLCIXSA-N
6697,GTDIWCITYRGAKM-OBRHJWQCSA-N
6705,DJWYOLJPSHDSAL-UHFFFAOYSA-N
6713,QIOMMMCQFIBVKA-PPQBIMEKSA-N
6721,YTLMIHBTPWTPEV-UHFFFAOYSA-N
6729,WYZWZEOGROVVHK-RPJJWQTDSA-N
6737,LOFYFDPXORJJEE-UHFFFAOYSA-N
6745,JMRJLJOBHHWYIV-UHFFFAOYSA-N
6753,FAMPSKZZVDUYOS-HRGUGZIWSA-N
6761,CJFSVYYGNWQUMQ-DBWNCVFDSA-N
6769,KHQMXKRETWUVJU-XCXJUXRBSA-N
6777,ZVLQJRXSGVAHOI-UHFFFAOYSA-N
6785,CAQZFLPWHBKTTR-WNISUXOKSA-N
6793,NDJDZINMNBVVHS-QWPOMPHKSA-N
6801,KTBAIBUBSGVINZ-UHFFFAOYSA-N
6809,RBQOQRRFDPXAGN-UHFFFAOYSA-N
6817,ABTNALLHJFCFRZ-UHFFFAOYSA-N
6825,KQNZDYYTLMIZCT-SWGFJCPHSA-N
6833,ISHUKYBHEZATMQ-UHFFFAOYSA-N
6841,URTXXFGOVQACIC-UHFFFAOYSA-N
6849,ISQUNAAALVXWGI-PGEVILJJSA-N
6857,NQIZIOGKLJAGSU-UHFFFAOYSA-N
6865,RPIVIODUUUOQDD-UHFFFAOYSA-N
6873,CNQCBOHTKBVCFM-WXUKJITCSA-N
6881,PKAIECBWQZFYRP-SOFGYWHQSA-N
6889,ZCKITOSCNKNMMO-YQHZJLNZSA-N
6897,FNIRVWPHRMMRQI-JLFYWXTPSA-N
6905,UDHCHDJLZGYDDM-QPJJXVBHSA-N
6913,KANPTSQTXUUWJP-WZXLXTKGSA-N
6921,JDIDEXHTJXTVES-HYXAFXHYSA-N
6929,JXXCENBLGFBQJM-UHFFFAOYSA-N
6937,IOYVXXQKVQKQIG-ZJPTYJIISA-N
6945,NEGUETFUNNRWTL-SAWIYXBXSA-N
6953,JYWSARFDLXXOHT-UHFFFAOYSA-N
6961,JATLKGIQGCADFB-ABROWSKNSA-N
6969,SVGOJJZXRJJDLY-UHFFFAOYSA-N
6977,OVBAGMZLGLXSBN-UOVKNHIHSA-N
6985,DOTYYDUNWITJSJ-SYMHJQAPSA-O
6993,PVHUKALHRBPQNM-BSWSSELBSA-N
7001,GNMYZMZOACOUID-ZZQZINJVSA-N
7009,FPWYMVMNRFRHQC-BVWWHRDXSA-N
7017,LEVWYRKDKASIDU-UHFFFAOYSA-N
7025,FIOZUJXSEZUYCS-MTSAZYMTSA-N
7033,LBBJNGFCXDOYMQ-UHFFFAOYSA-N
7041,OPUFDNZTKHPZHM-UHFFFAOYSA-N
7049,DGXLEDCXMIJNPJ-UHFFFAOYSA-N
7057,DXBGTODWNFZHCD-LMXXTMHSSA-N
7065,YPZYGIQXBGHDBH-WKWCOTLASA-M
7073,NONWRJXAJGEWOR-GMTLTCSKSA-N
7081,ITATYELQCJRCCK-UHFFFAOYSA-N
7089,DDRJAANPRJIHGJ-UHFFFAOYSA-N
7097,DPNGWXJMIILTBS-UHFFFAOYSA-N
7105,YOTVUKXKJYRTAR-NAJYVHOLSA-N
7113,XXWCODXIQWIHQN-UHFFFAOYSA-N
7121,CQOVPNPJLQNMDC-ZETCQYMHSA-N
7129,NXCYBYJXCJWMRY-VGBBEZPXSA-N
7137,UZIIHSGPIUZAET-UHFFFAOYSA-N
7145,FMOKUKPRJSMPOI-UHFFFAOYSA-N
7153,XYUFCXJZFZPEJD-XMSQKQJNSA-N
7161,RWCVSDKDFSVZNF-KRYGIPSASA-N
7169,VXOZCESVZIRHCJ-LNSUSAKYSA-N
7177,DUMQPTRUYCCSEZ-UHFFFAOYSA-N
7185,PGERTGWKXFAEFR-UHFFFAOYSA-N
7193,OVMSOCFBDVBLFW-ZZMVMVDNSA-N
7201,AIFXMSDWXBFQTF-SNXGECCISA-N
7209,IKMYHRZEPWIULH-JJPXTECOSA-N
7217,QORVDGQLPPAFRS-UHFFFAOYSA-N
7225,QWYNXLBAFAPSKQ-UHFFFAOYSA-N
7233,MBZKDBQDALOSRP-UHFFFAOYSA-N
7241,MTXSIJUGVMTTMU-UHFFFAOYSA-N
7249,XQJFWXFZEDKVQR-UHFFFAOYSA-N
7257,GZLIPAFSJXROEC-UHFFFAOYSA-N
7265,PPZMYIBUHIPZOS-UHFFFAOYSA-N
7273,ARNBRPDSKOETGW-BWRWHWAYSA-N
7281,NZNSTOHSZZLSNP-UHFFFAOYSA-N
7289,WLSOGIGMSWCVID-UHFFFAOYSA-N
7297,CFJLERBDXYGARW-TVKJYDDYSA-N
7305,SNMGCHVOXFNCCF-UHFFFAOYSA-N
7313,CVXGFPPAIUELDV-UHFFFAOYSA-N
7321,ZIHHMGTYZOSFRC-CXGXMSGESA-L
7329,MYCAPWDAUWJBMG-QNTSJOMKSA-N
7337,HIFLEGNWVFLGLY-UHFFFAOYSA-N
7345,FNQFNSGVMLMZNV-UHFFFAOYSA-N
7353,HZOTZTANVBDFOF-PBCQUBLHSA-N
7361,SPWSUFUPTSJWNG-LIMLNZRCSA-N
7369,XLGJBANZFAQPOK-UHFFFAOYSA-N
7377,SQSDBXYJKLVZJR-UHFFFAOYSA-N
7385,LUZUAYAKZLCOCQ-BHHNFLQBSA-N
7393,WZUVPPKBWHMQCE-UHFFFAOYSA-N
7401,BGUYVWYUIXKRDO-XYOKQWHBSA-N
7409,AIFRHYZBTHREPW-UHFFFAOYSA-N
7417,AWTYKUNFPBFFHC-UHFFFAOYSA-N
7425,GRBXNADBNJGZRK-GJEDHNSHSA-N
7433,ZISPNNMNSQFMCA-KCRSBVRCSA-N
7441,RPWKGRUCXRZSSG-HGHIBLDCSA-N
7449,FWKQNCXZGNBPFD-UHFFFAOYSA-N
7457,GPLGAQQQNWMVMM-MYAJQUOBSA-N
7465,NLZZWSRYPUGPEO-QUYVSBDASA-N
7473,ROWKODQLOIEBHL-MXHWVDEXSA-N
7481,RBCXKPQLDXSOQW-JTOHOHOHSA-N
7489,NNPPLRJHBQPBAQ-UKRBZAIKSA-N
7497,YGBZFOQXPOGACY-RIYZIHGNSA-N
7505,IWRPVTXREVYBHT-QHXXRISESA-N
7513,GVKKJJOMQCNPGB-JTQLQIEISA-N
7521,YOSIWGSGLDDTHJ-WUMBVMKGSA-N
7529,FLRUCNJMPLRHQE-FQSGJVTMSA-N
7537,MNLRQHMNZILYPY-MDMHTWEWSA-N
7545,HIPIENNKVJCMAP-DTWKUNHWSA-N
7553,PBZRRADJWNBPNY-WLHGVMLRSA-N
7561,IQVQXVFMNOFTMU-FLIBITNWSA-N
7569,WGLRJONCGNNMKL-VOTSOKGWSA-N
7577,KWVISVAMQJWJSZ-VKROHFNGSA-N
7585,GYUTYMPIMMYZHM-UHFFFAOYSA-N
7593,NPOAOTPXWNWTSH-UHFFFAOYSA-N
7601,XJLATMLVMSFZBN-VYDXJSESSA-N
7609,IUXAGRKMQRVAMG-UHFFFAOYSA-N
7617,UYXWCWJRGWWTGU-UHFFFAOYSA-N
7625,WOPYGCANEAIOEM-UHFFFAOYSA-N
7633,CLKOFPXJLQSYAH-NVOBBBONSA-N
7641,BOPPUHZKIKFBHH-GEOUXAIOSA-N
7649,XAFJIIZCMNHLRS-UHFFFAOYSA-N
7657,FMEUWIKCSICJBO-UHFFFAOYSA-N
7665,AEGZYCGXUREGSM-OUKQBFOZSA-N
7673,ACTIUHUUMQJHFO-UPTCCGCDSA-N
7681,FSYVGCMCWALMCX-SNAWJCMRSA-N
7689,XPDBYTRMUWQPTF-UHFFFAOYSA-N
7697,RRUQYJBEEQBWGK-UHFFFAOYSA-N
7705,AKKQGFKWEDCWJK-UHFFFAOYSA-N
7713,SCOXWKWLFRIELY-WEVVVXLNSA-N
7721,RBFIISQAYNLQQY-MZLJFPOFSA-N
7729,RFDAIACWWDREDC-FRVQLJSFSA-N
7737,XUHLIQGRKRUKPH-DYEAUMGKSA-N
7745,KZJNKSIORXDWKH-LUGOROIYSA-N
7753,DOYKMKZYLAAOGH-UVTDQMKNSA-N
7761,YLKFQDKSCLMOGF-HBUYZUPUSA-N
7769,OVBPIULPVIDEAO-LBPRGKRZSA-N
7777,DQUUSJCGJNQFPG-IFXUJQPNSA-N
7785,KFKSQOIZZRZEFC-BZFAMWISSA-N
7793,MNLWZCYHJPEFDE-BUDDGWGSSA-N
7801,PQHZSWZPVGHDEZ-UIQTUGNFSA-N
7809,DVFXEUYOOYUTOA-DYCWBZJYSA-N
7817,KQTYDMMVMJEHAN-GDNBJRDFSA-N
7825,FZSYYVOKNJZJTF-UHFFFAOYSA-N
7833,MAQMWSUGBCIGLJ-UHFFFAOYSA-N
7841,YECHEDVCXXVLIY-UHFFFAOYSA-N
7849,NGWLEVXPPLCHNC-UHFFFAOYSA-N
7857,MXYUKLILVYORSK-HBMCJLEFSA-N
7865,VIMXTGUGWLAOFZ-UHFFFAOYSA-N
7873,GVUHIWDAWNDBKR-RLLAQXBXSA-N
7881,QFOHBWFCKVYLES-UHFFFAOYSA-N
7889,YEMMVDQCVABATJ-BQHDQPCHSA-N
7897,PFWHFUPRJSEODI-UHFFFAOYSA-N
7905,BPYKTIZUTYGOLE-IFADSCNNSA-N
7913,LXNHXLLTXMVWPM-UHFFFAOYSA-N
7921,OVMSOCFBDVBLFW-VHLOTGQHSA-N
7929,YPKUMLKVFXFYOT-UHFFFAOYSA-N
7937,RAEOYMOPVHBBKE-UHFFFAOYSA-N
7945,ITJIJDWFGMAIKB-PKIAMQTDSA-N
7954,NETXGRNQKFELFY-ASUBUDITSA-N
7962,OYFVPOABQXXDNO-UHFFFAOYSA-N
7970,YCKKAXDZPAQYOF-UHFFFAOYSA-N
7978,UTMLPTPULBHGMZ-UHFFFAOYSA-N
7986,NWIBSHFKIJFRCO-WUDYKRTCSA-N
7994,OCCSIEQRVFOZHA-ZRGSRPPYSA-N
8001,HUPGTAGQEXENPN-QIUKOVNNSA-N
8009,SNZHVLUQMJWWPN-UHFFFAOYSA-N
8017,UKFAWRZYFYOXEG-UHFFFAOYSA-N
8025,LAJRJVDLKYGLOO-HLRFMGGZSA-N
8033,RNUHPRWYDXEBOM-FXCXTKEDSA-N
8041,GZYPWOGIYAIIPV-BJUPWKCISA-N
8049,YPIDZFLQKNEKRA-UHFFFAOYSA-N
8057,DSMWJDJWYGMEBO-PRFRQLEPSA-N
8065,ZDXPYRJPNDTMRX-GSVOUGTGSA-N
8073,FYZCUGVROGLOCP-ICIBFRGGSA-N
8081,GQOCHCOFYNMUOJ-UHFFFAOYSA-N
8089,OHRGHFXATDKGOV-MDKHPKFKSA-N
8097,ISMUGWMKUVABAZ-XRNKWZDJSA-N
8105,RQDVJSDWJAIKOJ-GQIYIWHVSA-N
8113,AIFVFVGRWAMEBM-GSQIWVKLSA-N
8121,AKFIXMYXISUTAF-CKNBLZQJSA-N
8129,XZPCFZLGAZNCOI-ILTOVDSJSA-N
8137,HDVAWXXJVMJBAR-VHSXEESVSA-N
8145,WBDMFFSFFQSHFV-MUGRSDNVSA-N
8153,OLBNOBQOQZRLMP-UHFFFAOYSA-N
8161,LEYGRBGYJYVHJL-ZKQFBGJWSA-N
8169,KNSDITCTAHCCEB-UHFFFAOYSA-N
8177,GYCHRCQMZRMPJA-UHFFFAOYSA-N
8185,MSIMWLAIWYFFLY-UHFFFAOYSA-N
8193,RUUZDCZRFRLJFC-UHFFFAOYSA-N
8201,YAEGHQJYDLCTMR-DCIPZJNNSA-N
8209,POXKBPUNCDMQMW-YLVJLNSGSA-N
8217,FXPWZCUQBSEHTH-QZRFOHQJSA-N
8225,PESKGJQREUXSRR-UHFFFAOYSA-N
8233,YUXUTEAAGHFKKH-MKQCFFQWSA-N
8241,GLZPCOQZEFWAFX-YFHOEESVSA-N
8249,FEMTVABTBAWCEK-UHFFFAOYSA-N
8257,LUADJIBUFOIMNV-UHFFFAOYSA-N
8265,RXOMDRQVYULRRU-UHFFFAOYSA-N
8273,NJVQCZVYEIAGLE-UHFFFAOYSA-N
8281,VNOMXNULTAUIDL-UHFFFAOYSA-N
8289,FDGQSTZJBFJUBT-UHFFFAOYSA-N
8297,CXIHBIKIPKUWBP-XPIMNQETSA-N
8305,QIYRQEHCCPTEPY-KRWUGMCISA-N
8313,YGPSJZOEDVAXAB-UHFFFAOYSA-N
8321,PAEOIXITAYMQRF-BYSCJPLWSA-N
8329,PBKZJIMGHNPKBJ-UHFFFAOYSA-N
8337,WVVSZNPYNCNODU-XTQGRXLLSA-N
8345,QWLHSFULTXXQLE-UHFFFAOYSA-N
8353,VJQANBSDAGCDJE-UHFFFAOYSA-N
8361,IHOHGVDNDQTZGL-SHOHFCBWSA-N
8369,MINDHVHHQZYEEK-HBBNESRFSA-N
8379,FLLRZSQAKUHACV-UHFFFAOYSA-N
8387,YEFIMTZGZGDHKG-DLSNBSBHSA-N
8395,LOFBWESEBFUNJU-WIOBTPJMSA-N
8403,JFYYCQXZVIOBKU-UHFFFAOYSA-N
8411,UONSFNPHCTWRGS-UHFFFAOYSA-M
8419,DKDGWAKCXBFTMM-KZKMBZSSSA-N
8427,BITFKDUCQOBZDL-POHAHGRESA-N
8435,BYCOQXVBFQHWPL-NSCUHMNNSA-N
8443,YJSHRIGISKAHBT-JFTDWGSPSA-N
8451,OUMWCYMRLMEZJH-VOXRAUTJSA-N
8459,TUMLDZXQVLUMQL-DJABAAGCSA-N
8467,MXZXIBZNZUOHER-VHWZNAHMSA-N
8475,SLVSUVFUFJKMCV-WUXMJOGZSA-N
8483,FCYCVETXTGWXBR-CMUGPJGNSA-N
8491,BTXNYTINYBABQR-UHFFFAOYSA-N
8499,QIDMCIFFMHMTBT-YKBPFZMUSA-N
8507,OYBHLUBLZHVTKK-UHFFFAOYSA-N
8515,DPBOXKYWJVXMAW-UHFFFAOYSA-N
8523,LSMKTLJKBSXMMR-YQBWYNSVSA-N
8531,SJRACCTZSAUMGO-WIMVFMHDSA-N
8541,BGLMHEUNVVQFLX-LSTSTJKNSA-N
8549,FDVOVSCQDWKKHH-UHFFFAOYSA-N
8557,BAUXUWNOTMKKET-UHFFFAOYSA-N
8565,QVLYXPULBWQTJW-UHFFFAOYSA-N
8573,JRAAEKBJXQXXBZ-DAJYORATSA-N
8581,HPDJFHJDZYIBCP-GFZBMPBCSA-N
8589,PYHKDROAWLAEDE-VKAHWXPLSA-N
8597,GXDJGKMWLJOJFR-WUSKNVGPSA-N
8605,SMOHLDSEWHACKE-UHFFFAOYSA-N
8613,BOJKULTULYSRAS-NPWGMBKGSA-N
8621,OXMSLZKWSBMQES-UHFFFAOYSA-N
8629,AADNEQWIZKTMBL-UHFFFAOYSA-N
8637,TWDKBDSVUUKABK-GBXCKJPGSA-N
8645,VXAHTPDZSOTOPQ-XCVCLJGOSA-N
8653,RBQNDQOKFICJGL-UTBFYLPBSA-N
8661,SKCDPGIEMVQDCR-QZSWEDNISA-N
8669,VUKHFRDPHIDEAW-UHFFFAOYSA-N
8677,FWHAYHIGJSFGKO-UHFFFAOYSA-N
8685,FQWZGEBZILOCET-BJGSYIFTSA-N
8693,KMPWYEUPVWOPIM-QAMTZSDWSA-N
8701,MXLIDYXKRCYRPL-SVQBVAIGSA-N
8709,IVOODSRSVJPWLY-UHFFFAOYSA-N
8717,FFWOKTFYGVYKIR-UHFFFAOYSA-N
8725,LSHVYAFMTMFKBA-TZIWHRDSSA-N
8734,DSLZVSRJTYRBFB-DUHBMQHGSA-N
8742,IVRQZYXJBVMHCW-OTCFHACESA-N
8750,NOGWCMMYTAXOCY-UHFFFAOYSA-N
8758,AAWZDTNXLSGCEK-WYWMIBKRSA-N
8766,RKAXEWSQYMGBAP-LOGVKIPNSA-N
8774,XCRBJSLPMIXFOO-UHFFFAOYSA-N
8782,YOFHAHMLGOFXAB-OBCDOPQVSA-N
8790,JFEFKYNVTFPFRI-UHFFFAOYSA-N
8798,HUXJGSHUVDWZAM-UHFFFAOYSA-N
8806,KCSPYQSCNFOIII-UHFFFAOYSA-N
8814,NEFYSBQJYCICOG-RJRZVDSCSA-N
8822,ILRCGYURZSFMEG-RKQHYHRCSA-N
8830,LJOQGZACKSYWCH-LHHVKLHASA-N
8838,WKUOPGZYLRFCHJ-APDQSUQKSA-N
8846,ABJOCPBDVGJFLG-UHFFFAOYSA-N
8854,LQUPEGJECBPTCO-KDRUZJHHSA-N
8862,OAGXTVOZBKKJKA-UHFFFAOYSA-N
8870,HQPSNGXRJBMMAL-WHZRINGVSA-N
8878,ILQLITDRYFHAGM-UHFFFAOYSA-N
8886,KLPUXMNQDCUPNO-DXKBKAGUSA-N
8894,NORHBOUZICGKOK-UHFFFAOYSA-N
8902,JFVKWCYZKMUTLH-GRWTVWFQSA-N
8910,MFOVLHFTNQGRLH-BFMVXSJESA-N
8918,FPUXKXIZEIDQKW-TVPHMGRTSA-N
8926,FYZYXYLPBWLLGI-AUOPOVQUSA-N
8934,JAKAZHIACKJNNB-UHFFFAOYSA-N
8942,UZXMLGUMBQQVME-UHFFFAOYSA-N
8950,NGFMICBWJRZIBI-UJPOAAIJSA-N
8958,KJHHAPASNNVTSN-KPKJPENVSA-N
8966,GOTAZLUFLPHQJU-MIUGBVLSSA-N
8974,IGWDEVSBEKYORK-UHFFFAOYSA-N
8982,YGTPKDKJVZOVCO-KELBJJLKSA-N
8990,IBFYXTRXDNAPMM-BVTMAQQCSA-N
8998,ZHQPRJMIAALFHX-ATTWWORZSA-N
9006,LLQBCHODNVGKSF-RVXDDWIJSA-N
9014,LUKBXSAWLPMMSZ-OWOJBTEDSA-N
9022,OTAFZEHRJNHBDI-GUBURHFBSA-N
9030,FOINLJRVEBYARJ-UHFFFAOYSA-N
9038,FUBVFOMIYZMXCB-DWHCWPPGSA-N
9046,GVBNSPFBYXGREE-CDDDFZJFSA-N
9054,GPTPSPAFUZTDEG-UHFFFAOYSA-N
9062,FCDLCPWAQCPTKC-UHFFFAOYSA-N
9070,LBZXZXIGWNHGTB-UHFFFAOYSA-N
9078,XFLTYUCKJRFDOU-XPMKZLBQSA-N
9086,LQYPUZKOEZWGBX-BASLNEPJSA-N
9094,FIADIPXEFYWJQV-POYRUVRTSA-N
9104,IAVJHQVGTRSIOM-UVMZMRPTSA-N
9112,BDFCYBFDARSRDM-UHFFFAOYSA-N
9128,WBCMGDNFDRNGGZ-NCJPAETISA-N
9136,VJWYQRXPCZNDKS-UHFFFAOYSA-N
9144,FKBUODICGDOIGB-UHFFFAOYSA-N
9152,QDSDUIWGMCGLHI-VTULTLKESA-N
9160,FTGKHGAVFGGOMW-UHFFFAOYSA-N
9168,LOUPRKONTZGTKE-USWSZDBUSA-N
9176,IGKWMHUOBKCUQU-LTCOOKNTSA-N
9184,JGWDBQRLOBLTHU-RELBSBPCSA-N
9192,WEHZDNHJZBEGME-SPGNZJCFSA-N
9200,MWLKXILGJPSPKZ-LWSBBEHMSA-N
9208,ODBRNZZJSYPIDI-UHFFFAOYSA-N
9216,PBAZKMWQUBDDLZ-UHFFFAOYSA-N
9224,YJRLSCDUYLRBIZ-UHFFFAOYSA-N
9232,JYQIWENZJDPRSV-WHJIMDRXSA-N
9240,MYFFDMMUGIQJQM-UHFFFAOYSA-N
9248,GIKJADRKBZHVCY-DUXPYHPUSA-N
9256,URBPIXMUXQEKHZ-KCXSLEDMSA-N
9264,YRAQEMCYCSSHJG-UHFFFAOYSA-N
9270,UWTOESDPWKUNBD-UHFFFAOYSA-N
9278,MYWZGSROPRXVPM-AUMMCNCRSA-N
9286,XOJVHLIYNSOZOO-SWOBOCGESA-N
9294,NLVFBUXFDBBNBW-PBSUHMDJSA-N
9302,VNXYHRRGEDIKJZ-UHFFFAOYSA-N
9318,YKRGDOXKVOZESV-RMNZJSDUSA-N
9326,HIWJJOYYZFELEZ-UHFFFAOYSA-N
9334,QQUHMASGPODSIW-ICECTASOSA-N
9342,SFLVCICJLIKJKU-QKYBYQKWSA-N
9350,KZJWDPNRJALLNS-VJSFXXLFSA-N
9358,QWRYPHZJTWQLFX-UHFFFAOYSA-N
9366,LOVMOOUQHWMIHZ-RZNTYIFUSA-N
9374,UFMJCOLGRWKUKO-UTOQUPLUSA-N
9382,SGTNXGSCHXKQJX-OQAPJDJNSA-N
9390,BUVGSDAKOBKGFK-UHFFFAOYSA-N
9398,NJYMCMBDFMRROK-UHFFFAOYSA-N
9406,GUEIZVNYDFNHJU-UHFFFAOYSA-N
9414,LJRDOKAZOAKLDU-UDXJMMFXSA-N
9422,VVRNYAJXAUQHEN-BNFZFUHLSA-N
9430,GSAWBDXYMSQMRT-UHFFFAOYSA-N
9438,XMVQWNRDPAAMJB-UHFFFAOYSA-N
9446,KBHXFAMQPPWLFT-NUXWGMRISA-N
9454,RYVGCUJETSKZDU-YQHZJLNZSA-N
9462,RVWWDDKOKZXKCJ-ZOLYHUHESA-N
9470,XTMCUUVQSGQNSI-UHFFFAOYSA-N
9478,VIHRKOVEWCGJQP-UHFFFAOYSA-N
9486,BWAZUXQZSXFTJK-VPTIGGDOSA-N
9494,QADCCYSYLNTZHV-YADHBBJMSA-N
9502,XNMZBRJAWRIJII-UHFFFAOYSA-N
9518,BGPMMCPSTAYIEL-UTKQBPCESA-N
9526,LPLWWIHUJXWQSS-VIOLRBFZSA-N
9534,CGZNTHDUAFIKOH-BMVMOQKNSA-N
9542,YTDYKYPXYRZGQN-SUNOKAMTSA-N
9550,ZTRKHQRICPULDJ-UHFFFAOYSA-N
9558,JMUOPRSXUVOHFE-SYAFJHLCSA-N
9566,BEDSGEULUAVXQH-YGCGHWCOSA-N
9574,LLKIVVHUJOPYIV-UHFFFAOYSA-N
9582,IXORZMNAPKEEDV-SNTJWBGVSA-N
9590,VJVXQSFKTVUEFY-XGICHPGQSA-N
9598,YQOKGDRMWQLQNR-BMVMOQKNSA-N
9606,SGQJDTLFQCDZGS-UQEKQVNISA-N
9614,HMOMGSPWDYKCAH-CBLCVTABSA-N
9621,AWDKYYYAAQQLEF-XRSPUIAPSA-N
9629,NSFCLBVWJYYZMR-DNVFCKCGSA-N
9637,UDNMYDZHPMNIEQ-RIYZIHGNSA-N
9645,JFJZZMVDLULRGK-URLMMPGGSA-O
9655,MEIWPHMJWJAVIY-UHFFFAOYSA-N
9663,FZALQGCQQJLGKE-ZBUWNZDNSA-N
9671,BAHUBXAYVOCLNA-WDZFZDKYSA-N
9679,MYEJFUXQJGHEQK-SEXHJYIHSA-N
9687,BKJYMZRGLINXRP-NSCUHMNNSA-N
9695,DCTLJGWMHPGCOS-UHFFFAOYSA-N
9703,CIQDSZUZMUTHGY-FUFTYFEXSA-N
9711,UTPBMRNHPNUBLT-UHFFFAOYSA-N
9719,FFDNVMGPKVVVOG-UHFFFAOYSA-N
9727,QXKHYNVANLEOEG-UHFFFAOYSA-N
9735,HPNSFSBZBAHARI-RUDMXATFSA-N
9743,QTSQCCVLTMKKDP-SFDCQRBFSA-N
9751,XGPBRZDOJDLKOT-WDZFZDKYSA-N
9759,CUAPOUHDJKWLOB-UHFFFAOYSA-N
9766,WWVATHTYIDDAQF-DERWZFJFSA-N
9774,GOZCEKPKECLKNO-RKQHYHRCSA-N
9782,PEUUVVGQIVMSAW-RZTYQLBFSA-N
9790,RBKWJAHRWPDNPM-UHFFFAOYSA-N
9798,SZLZWPPUNLXJEA-QEGASFHISA-N
9806,GHCZYXUOYFOXIP-UHFFFAOYSA-N
9814,DBPWCIPDCMVUFT-UHFFFAOYSA-N
9822,FVWJYYTZTCVBKE-ROUWMTJPSA-N
9830,NHKCCADZVLTPPO-UHFFFAOYSA-N
9838,HBRYKWADRULLHU-UHFFFAOYSA-N
9847,FCSKUNOKIVAIKK-UHFFFAOYSA-N
9855,LZMUZSFHEIXIJR-UHFFFAOYSA-N
9863,AQLCKWUMMOZIEY-UHFFFAOYSA-N
9871,NETSQGRTUNRXEO-XUXIUFHCSA-N
9879,QPQRGIHXJVTGCW-UHFFFAOYSA-N
9887,SXPBJYHKMRWZNA-ZITSYKRSSA-N
9895,PFIQXUYXVYYERO-ALCCZGGFSA-N
9903,RNKMOGIPOMVCHO-SJMVAQJGSA-N
9911,IRZTUXPRIUZXMP-UHFFFAOYSA-N
9919,SQOJOAFXDQDRGF-NNGCZKEZSA-N
9927,VGRPJNIVIGBNNK-UHFFFAOYSA-N
9935,VANIIUGEHGLNHB-AATRIKPKSA-N
9943,IVEJMWCGEFICJC-UHFFFAOYSA-N
9951,LATYEZNGPQKAIK-BRVOSZROSA-N
9959,PACBGANPVNHGNP-RUDMXATFSA-N
9967,ZONJATNKKGGVSU-UHFFFAOYSA-N
9975,JGHTWRZCNLXYPF-UHFFFAOYSA-N
9983,VMTHPSSNJFUGBF-CMDGGOBGSA-N
9991,FYTOTHFWELWOCG-UHFFFAOYSA-N
9999,SFZVDNKTWPZIJG-UHFFFAOYSA-N
10007,MAWCJLLSYLMLHT-UTRMSSBJSA-N
10015,MYQAATJJIDGOMQ-AYPBNUJASA-N
10023,ZBLWKSUMHLVXAM-UHFFFAOYSA-N
10031,QZUNAFWZEXJWGD-UHFFFAOYSA-N
10039,MXPXAZNVQUWDFH-NSISKUIASA-N
10049,ZJSJQWDXAYNLNS-XJUVHSKASA-N
10057,RNWHJFUXZQBBLK-UHFFFAOYSA-N
10065,KQQLSXWIDDTWRR-WUOZLOAJSA-N
10073,HSTZMXCBWJGKHG-BUFXCDORSA-N
10081,REBRERQNUHGTMS-PCGJYRBUSA-N
10089,ZYZHMHXSPPAVCD-HKXMFVAESA-N
10097,LARSXHUKWMVHRB-UHFFFAOYSA-N
10105,UVBLDLGZDSGCSN-MWOWFCOASA-N
10113,SNGHLUWTFLYPMT-OEZBNQCDSA-N
10121,AMOGMTLMADGEOQ-OOLNSWIYSA-N
10129,FMWJHXDPCQWVEJ-JVLSTEMRSA-N
10137,ZHECNBLIOXZXBL-TVDJWTRXSA-N
10145,MWQRAOGWLXTMIC-UHFFFAOYSA-N
10153,CDAISMWEOUEBRE-LKPKBOIGSA-N
10163,PEYUIKBAABKQKQ-AFHBHXEDSA-N
10171,RYEFFICCPKWYML-QCGISDTRSA-N
10179,NGOLMNWQNHWEKU-XMMPIXPASA-N
10187,VNQNUULCMPXFER-XDCWJTEKSA-N
10195,CDZUQIFWCXAIFB-UHFFFAOYSA-N
10203,DDHXERAMOVJOAJ-UHFFFAOYSA-N
10211,CJBZJZGULKATPY-UHFFFAOYSA-N
10219,KOWMJRJXZMEZLD-VGBAVMOLSA-N
10227,ZJDOESGVOWAULF-OGJQONSISA-N
10235,FBPFZTCFMRRESA-JGWLITMVSA-N
10243,XZXBGGYJQALVAW-VSUHMYSYSA-N
10251,GWOCLAPCXDOJRL-FPLPWBNLSA-N
10259,QJYNZEYHSMRWBK-NIKIMHBISA-N
10267,GKSGTWUNURZTKD-UHFFFAOYSA-N
10275,QATFYHWTNMSERU-UHFFFAOYSA-N
10283,JOIDTHZGWZZGMU-FAOXUISGSA-N
10291,CISFAPDYRQPRCZ-UHFFFAOYSA-N
10299,VWHYFMQKJYFLCC-DUXPYHPUSA-N
10307,BARZJLALPXZLMN-RJGDCVCESA-N
10315,UEAATLOMPYZOFF-PYEGHPNJSA-N
10323,LOTLMZWGLBOKFL-UHFFFAOYSA-N
10331,FNLMCNKPGGHKQL-FPLPWBNLSA-N
10339,KHSCYOFDKADJDJ-NQLMQOPMSA-N
10347,YPZBTERWDWUANF-UHFFFAOYSA-N
10355,TUSDEZXZIZRFGC-ZHQJDPFESA-N
10363,GAUPAOVCTWBVKC-WBGFTGLFSA-N
10371,YXOATFKTEDZPFL-UHFFFAOYSA-N
10379,ULPUBSPPYRXUOZ-UHFFFAOYSA-N
10387,FFEZXYJBMGDYNX-UHFFFAOYSA-N
10395,OMQVQJDDMZUVNL-UHFFFAOYSA-N
10402,MFLWBVVCOWPUBA-UHFFFAOYSA-N
10410,NZESEVTYUVXOTC-APDQSUQKSA-N
10418,YURQMHCZHLMHIB-UHFFFAOYSA-N
10426,LTVCFOSNIVVOBK-RSGHPYSYSA-N
10434,AQBZCCQCDWNNJQ-AUSIDOKSSA-N
10442,ACRIYYKEWCXQOS-XAYOXWHSSA-N
10450,OIMUSOLEDHKDCV-WJHJMGTLSA-N
10458,HSHNITRMYYLLCV-UHFFFAOYSA-N
10466,IPUONOHBPFSQMA-UHFFFAOYSA-N
10474,GFMYIOGFYYHKLA-IZZDOVSWSA-N
10482,QJVVGCSWIOLQDG-PROUKMOUSA-N
10490,APAJFZPFBHMFQR-UHFFFAOYSA-N
10498,PVCLMZBWMWIHKX-UHFFFAOYSA-N
10506,UFNCPOJSDHJVEL-DQUVJYIYSA-N
10514,FRZOQPPWSKEZAA-QBZXRRNTSA-N
10522,AFYIWKNGSIYXCQ-ARTOWFLDSA-N
10530,NSRKLZRKJJQJLD-KXBJDGJWSA-N
10538,SEBFKMXJBCUCAI-HKTJVKLFSA-N
10546,MIPXDZVPQOJPHM-RGYKTBPFSA-N
10554,VTQUQEWGIJRVHB-VHPPWYILSA-N
10562,RODXRVNMMDRFIK-UHFFFAOYSA-N
10570,POASCAFEUZQXNU-MACSXGQBSA-N
10578,KNCNSYQYJUBLPW-UHFFFAOYSA-N
10586,LOUBNBRAJPSMEC-GYBIIRLBSA-N
10594,VRCXJKSBSNVDFC-UHFFFAOYSA-N
10602,DYMYDSWEIIXYNX-UHFFFAOYSA-N
10610,HVNMJMDAMCBOTE-BMPWFYMVSA-N
10618,YURJSTAIMNSZAE-ILDRPQKSSA-N
10626,BUOADWXGPJXKRM-UHFFFAOYSA-N
10634,CIGQQQTZOIDQQR-SGWMQEFOSA-N
10642,XUHLIQGRKRUKPH-UHFFFAOYSA-N
10650,MRBLTWPEPGRXQN-UHFFFAOYSA-N
10658,NOOLISFMXDJSKH-UHFFFAOYSA-N
10666,NCCWCZLEACWJIN-UHFFFAOYSA-N
10674,DJDISCKFJXDADJ-COUYJTLKSA-N
10682,YLGANLNQTUGMCH-UHFFFAOYSA-N
10690,OXHVZEZYYQQCRJ-ZLNFVOGTSA-N
10698,WGVQPPKZKAJDGR-UHFFFAOYSA-N
10706,PUUYULQKNFTVDK-UHFFFAOYSA-N
10716,PCWWIOUZYOPZHT-VBUSEHTESA-N
10724,QUKDLMFYXITHBM-XYOKQWHBSA-N
10732,ZCBRYYRPNSHPER-UHFFFAOYSA-N
10740,MHWAHKIDOYBXCN-FHVVLDLYSA-N
10748,FQIQTIUZOUXZTP-UHFFFAOYSA-N
10756,OGJCZLOIKMTMKF-XBXARRHUSA-N
10764,MHVJRKBZMUDEEV-WANGQUDJSA-N
10772,YXZYFHXWEOAXLF-UGAZNADUSA-N
10780,UWKRNCNWJVCHGZ-DERWZFJFSA-N
10788,FOWZPEXPOVXJSN-MIYBPCGNSA-N
10796,FQWZGEBZILOCET-QEQKPWIDSA-N
10804,IWGKJEFGMDTVIL-DUXPYHPUSA-N
10812,LABWQTNVUKYYIP-ANNCGNFZSA-N
10820,JHEBMTRMMJXPTM-QHCPKHFHSA-N
10828,GBGKVNUYCBHABP-CPDKWHJTSA-N
10836,GGIDHIBVLYVTAU-QGPLIYBISA-N
10844,UWRDCNVTKORVMI-QSQWZJICSA-N
10851,MOLPUWBMSBJXER-YSXCXNLVSA-N
10868,RSZDAYHEZSRVHS-UHFFFAOYSA-N
10876,XSUATNGSAZMWRU-UHFFFAOYSA-N
10884,SASVNKPCTLROPQ-NZYDNVMFSA-N
10892,DTFARBHXORYQBF-HBGVWJBISA-N
10900,GYFFKZTYYAFCTR-UCEFVAKBSA-N
10908,MLRIJUWUQTVDQE-RKQHYHRCSA-N
10917,DWTRNJFPDXIFSY-LRCSWYQSSA-N
10927,GWVGVAPNTKLROZ-UHFFFAOYSA-N
10935,NLLJGJGLOHFJMI-FDPZVKDNSA-N
10943,NOFGKTVEZONBCG-UHFFFAOYSA-N
10951,RAGZUCNPTLULOL-KQJPBSFVSA-N
10959,ZPINJJOPURFFNV-UHFFFAOYSA-N
10967,OLOOJGVNMBJLLR-UHFFFAOYSA-N
10975,QKYLNUXCPSRUNA-YZENIEGJSA-N
10983,DHVXMTMJTVCPBB-UHFFFAOYSA-N
10990,QURCVMIEKCOAJU-HWKANZROSA-N
10998,FIAAVMJLAGNUKW-UHFFFAOYSA-N
11006,CNNXMGXBAZQZDE-HHMSBIESSA-N
11014,OOGZWXIAHJKVAH-UHFFFAOYSA-N
11024,SLWJVQQNDGLXTK-UHFFFAOYSA-N
11032,LJFYQZQUAULRDF-FDGSXQGBSA-N
11040,NIKHGUQULKYIGE-MOWPSDGOSA-N
11048,ULPVIBVOKQAXJB-UHFFFAOYSA-N
11056,DCKYPAZZUYXYTC-SCGWIAOYSA-N
11064,QNYOCAYOHKMFCQ-OLPWHGRMSA-N
11072,WKEOZXMSVNVPCM-RZNTYIFUSA-N
11080,GKMFOEIZCLMZDE-UHFFFAOYSA-N
11088,KKOLMSSIDZXPLS-YIWDLVGLSA-N
11096,KNGWIQNCSUFYHU-UXHICEINSA-N
11104,FNVCLGWRMXTDSM-WOJBJXKFSA-N
11112,KSEBMYQBYZTDHS-HWKANZROSA-N
11120,REHZVRNVHQFBAF-YLHHEPAUSA-N
11128,VPGIGLKLCFOWDN-UHFFFAOYSA-N
11136,LSEDQFLRUJOXDX-SBOHWPTNSA-N
11144,CKGKQISENBKOCA-NHBPFIHPSA-N
11152,WQZRAWSNEARGPQ-UHFFFAOYSA-N
11160,PYWZXKKFHNJUIQ-WRCGPABWSA-N
11168,LDBMLOLBWUOZGG-DOFVRBEMSA-N
11176,VPAOSFFTKWUGAD-TVKJYDDYSA-N
11184,INRCFVYVWPWZJS-IWQZZHSRSA-N
11192,ZPLVEUIOSKJIDT-UHFFFAOYSA-N
11200,HBCGNAJUSBIBGA-UHFFFAOYSA-N
11208,VVSZRCIUFBADJQ-BJMVGYQFSA-N
11216,NPAQHLFPEOMKAL-UXXRCYHCSA-N
11224,ALGYTGOYQATWBA-UHFFFAOYSA-N
11232,UHRUXUCWHIGENP-UHFFFAOYSA-N
11240,SXTGVXKFOVZYIK-UHFFFAOYSA-N
11248,PQOVWWZVVIGRPP-DPXQNDTBSA-N
11256,ASKKBGQVSVTIAW-HVQFUZGHSA-N
11264,BRXADWYLMDAXBU-FLXITYBYSA-N
11272,QJVXKWHHAMZTBY-GCPOEHJPSA-N
11280,SLMFLTPPPXRYHP-JLHYYAGUSA-N
11287,SXGSYHDLSPXCMU-CTQTXEDXSA-N
11295,NOZAJYKZMCFNFG-WULVTUHRSA-N
11303,GUZJCKBQAGGXGH-UHFFFAOYSA-N
11311,XYPWCJWXFYYGPA-UHFFFAOYSA-N
11319,NFMZRMNYRASNPY-UHFFFAOYSA-N
11327,NBLLRWANAFOKON-ZHZXCYKASA-N
11335,HUKSJTUUSUGIDC-UHFFFAOYSA-N
11343,XKIBNYJGNBTYMP-UHFFFAOYSA-N
11351,VNADFOGBKXRWGC-RIYZIHGNSA-N
11359,YTFVRYKNXDADBI-SNAWJCMRSA-N
11367,DORPKYRPJIIARM-GYAWPQPFSA-N
11375,QMWJARHMJRTJMQ-UHFFFAOYSA-N
11383,YGAXNRUXTMXSJA-LDGQGHTNSA-N
11391,DPAGRPSAFDXQDN-UHFFFAOYSA-N
11399,QCLBGWSAIHOGCA-UHFFFAOYSA-N
11407,RAGZUCNPTLULOL-KJJWLSQTSA-N
11415,GPFVBJYXFRIOFB-UHFFFAOYSA-N
11423,QZIOPOIUZGGXKI-KOYXEPTDSA-N
11431,VUJFFBGJRUFEKJ-OVPBRRTDSA-N
11439,PBPYEEMQIFDGSQ-MIYBPCGNSA-N
11447,LSHAJDRFVTXNOB-UHFFFAOYSA-N
11455,BMRSEYFENKXDIS-QHAYPTCMSA-N
11463,BMKQPAJRQUUYGC-UHFFFAOYSA-N
11471,ZUXLIBRTWRBKLQ-NUASCYGXSA-N
11479,FCIZPHNZRNLUJD-UHFFFAOYSA-N
11487,OHCQJHSOBUTRHG-KGGHGJDLSA-N
11495,KJTDZAHLWHEULN-UHFFFAOYSA-N
11496,NJUWLUPGDQOJCR-GFCCVEGCSA-N
11504,IBIPGYWNOBGEMH-DILZHRMZSA-N
11512,GKQGIQVSMCHAFX-IBEHDNSVSA-N
11520,ABHHIGWFFMCQOC-UHFFFAOYSA-N
11528,JJWKFIISZGZPHY-PTNCSMPOSA-N
11536,KOLGVIJQEZBWIQ-UHFFFAOYSA-N
11544,RARUJUZFKGDIOM-RAEVTNRLSA-N
11552,RSDDHGSKLOSQFK-RVDMUPIBSA-N
11560,TZABDPRGZVHMRW-NQNKBUKLSA-N
11567,JYESOAFLKFHYHP-SFHVURJKSA-N
11575,MPXXSICHRNCHHK-UHFFFAOYSA-N
11583,DBKIEMOKQWYZOA-UHFFFAOYSA-N
11591,FKBUODICGDOIGB-PFFFPCNUSA-N
11599,BMLZFLQMBMYVHG-UHFFFAOYSA-N
11607,MTIXBBDFRVGBOQ-WQFFSLPPSA-N
11615,ADRQFDIWPRFKSP-RUDMXATFSA-N
11616,FOBNRKTURPWTQX-UHFFFAOYSA-N
11624,QOTBQNVNUBKJMS-UHFFFAOYSA-N
11632,LQZXAHKUYJVAAR-UHFFFAOYSA-N
11640,MBRLOUHOWLUMFF-UHFFFAOYSA-N
11648,JLMGCBFIPZDHLZ-JKHMXVTDSA-N
11664,KLXHCGFNNUQTEY-AATRIKPKSA-N
11672,DRDRYGIIYOPBBZ-XBXARRHUSA-N
11673,VNBPNPCSBYXRNC-UHFFFAOYSA-N
11681,PQEYTAGBXNEUQL-UHFFFAOYSA-N
11689,TZLCZBLLJUXBSB-UHFFFAOYSA-N
11697,OJDSCNUKKOKOQJ-RKQHYHRCSA-N
11705,VJVGTGQETNCOEX-LQDZTQBFSA-N
11713,RATQVALKDAUZBW-XPMKZLBQSA-N
11721,QXXKEARZEYWTST-QLHFFRPFSA-N
11729,BQPPJGMMIYJVBR-KMDRULEYSA-N
11737,QPRODDKTRBCFPV-DHZHZOJOSA-N
11745,ONDWGDNAFRAXCN-VUEDXXQZSA-N
11753,OOXBEOHCOCMKAC-UTOQUPLUSA-N
11761,YPRNBZFQTBKRDW-UHFFFAOYSA-N
11769,DXDRHHKMWQZJHT-FPYGCLRLSA-N
11777,ZUUPZDSDPDQRJK-VXPJCVMDSA-N
11785,KFFCKOBAHMGTMW-NXTKOJRFSA-N
11793,FCHJZJFIDNMNBS-CLBXSRGTSA-N
11801,HRLFUIXSXUASEX-UHFFFAOYSA-N
11809,AETKQQBRKSELEL-ZHACJKMWSA-N
11810,JZCRGJSEBZCNAR-UHFFFAOYSA-N
11819,AEUAVVIPDJTEFS-YJCYQKNWSA-N
11827,CNURKUNYCXCBEK-WMNSZERYSA-N
11835,CDTIMEVVBBGLIF-OVUASUNJSA-N
11843,RMAYNNFCPNGTQW-UHFFFAOYSA-N
11851,PEWFWDOPJISUOK-UHFFFAOYSA-N
11859,BBRMJCAPNGJKEM-AQASXUMVSA-N
11867,HSWIRQIYASIOBE-JNHRPPPUSA-N
11875,BZYKNVLTMWYEFA-ZJKJAXBQSA-N
11883,GGNVSANPVOEGII-GXDHUFHOSA-N
11891,LIIALPBMIOVAHH-UHFFFAOYSA-N
11899,LIVNOUBJFOXZOR-YMILTQATSA-N
11907,ZGVGUTOTMNVHSX-UHFFFAOYSA-N
11915,WQMBCGHXXVLQTE-CFVMTHIKSA-N
11923,ZIOCYJNRYIRTQD-UHFFFAOYSA-N
11931,KVPBAPOAIIQDGQ-XXGVTNRTSA-N
11939,VAPVFWUBNBLVMB-CMWLGVBASA-N
11947,SEEGHKWOBVVBTQ-UKJRIFTCSA-N
11955,PCSZTTAMZGNQNB-UHFFFAOYSA-N
11963,NGPDZEACIWDCKX-WUDKWMPASA-N
11971,TZCDAGMXXYRIKO-UHFFFAOYSA-N
11979,QZGOQORSUIQVIR-UIXQMLBBSA-N
11987,MQYXUWHLBZFQQO-KIIHVYTKSA-N
11995,UHWIZIJICYWABA-UHFFFAOYSA-N
12003,LMODNMXJBXUOQF-NFSBWDCGSA-N
12011,HVSMXONXCJBJIF-RKQHYHRCSA-N
12019,MSWJSDLNPCSSNW-UHFFFAOYSA-N
12027,YGCYRQKJYWQXHG-RDNQFMDVSA-N
12043,IQTTZQQJJBEAIM-UHFFFAOYSA-N
12051,OJISWUQNQQWEND-FCVLBCLDSA-N
12067,PMTDHEPUPHYRST-UHFFFAOYSA-N
12075,MWDNWQAVYQDZQI-UHFFFAOYSA-N
12083,KGGUASRIGLRPAX-UHFFFAOYSA-N
12091,GUAFOGOEJLSQBT-UHFFFAOYSA-N
12099,IOUVKUPGCMBWBT-QNDFHXLGSA-N
12107,MQYXUWHLBZFQQO-ISZJTHHZSA-N
12123,KYDNOVLBVBYOSW-UHFFFAOYSA-N
12131,MMDUKUSNQNWVET-UHFFFAOYSA-N
12139,UFCLZKMFXSILNL-RVXRWRFUSA-N
12147,CFNMUZCFSDMZPQ-KPKJPENVSA-N
12155,OQWKEEOHDMUXEO-BQYQJAHWSA-N
12163,NFWKVWVWBFBAOV-IPNZSQQUSA-N
12171,FPUXKXIZEIDQKW-ARBRPXJKSA-N
12179,DOVSRUBRIYLZCI-BASLNEPJSA-N
12187,VRHZMFGDDGFRLP-UHFFFAOYSA-N
12195,UPNVKIZABMRHNR-BBYAVRKXSA-N
12203,HVYWMOMLDIMFJA-DPAQBDIFSA-N
12211,KJWFOHVSTFGWGZ-YHYXMXQVSA-N
12227,PQCLZBCFLJVBGA-UHFFFAOYSA-N
12235,ROYIOVVKJBERGN-UHFFFAOYSA-N
12243,CRVXJSNSTGEXDX-HHMSBIESSA-N
12251,QPQHCRKTYXPSQG-XGICHPGQSA-N
12259,IZSBMDHDBLUZOI-ITDRTIBASA-N
12267,ACXLVKYMISNUFD-UHFFFAOYSA-N
12275,GZSOSUNBTXMUFQ-UHFFFAOYSA-N
12282,BLGXFZZNTVWLAY-UHFFFAOYSA-N
12290,NOPFSRXAKWQILS-UHFFFAOYSA-N
12298,CJGRGYBLAHPYOM-HOLMNUNMSA-N
12306,CDTMPWYDQKWYFT-IASWOTTCSA-N
12314,ACAAVKGSTVOIQB-BASWHVEKSA-N
12322,KMPWYEUPVWOPIM-KODHJQJWSA-N
12330,QBPFLULOKWLNNW-UHFFFAOYSA-N
12338,RMFDCHYDPYVNFA-AKVWERCLSA-N
12346,OFEZSBMBBKLLBJ-BAJZRUMYSA-N
12354,UAHGNXFYLAJDIN-IZZDOVSWSA-N
12355,CWVRJTMFETXNAD-JUHZACGLSA-N
12363,CVPYYBCSHSCXJQ-DXKBKAGUSA-N
12371,UFCLZKMFXSILNL-PSEXTPKNSA-N
12379,VDSCKSOYNLTQSY-VGJPRPLGSA-N
12387,XVULBTBTFGYVRC-UHFFFAOYSA-N
12395,QPLSCFLMIOADPA-YHYXMXQVSA-N
12403,RHMXXJGYXNZAPX-UHFFFAOYSA-N
12411,MTQVPZUZBBTLNO-HSLVGEKZSA-N
12419,RUVINXPYWBROJD-ARJAWSKDSA-N
12427,JWWFVRMFYKPZNE-VVIWCBLHSA-N
12435,FUQAYSQLAOJBBC-UHFFFAOYSA-N
12443,PYMYPHUHKUWMLA-VPENINKCSA-N
12451,HITLMPHPGUZLGI-UHFFFAOYSA-N
12459,ZMELGIPFIBWPHX-GMLQCYRESA-N
12467,GWEGFCVAOPNYPT-UHFFFAOYSA-N
12475,MONOOAYGIBRELN-REQVTYDXSA-N
12483,BJRNKVDFDLYUGJ-RMPHRYRLSA-N
12491,CXFIQFGADOTDPF-XKZIYDEJSA-N
12499,ILEDWLMCKZNDJK-UHFFFAOYSA-N
12507,LYGPBZVKGHHTIE-HUBYJIGHSA-N
12515,PCMORTLOPMLEFB-UHFFFAOYSA-N
12523,JUVIOZPCNVVQFO-HBGVWJBISA-N
12531,LJOQGZACKSYWCH-WZBLMQSHSA-N
12539,MMLPRYWSGSVRRN-QRJNDHJOSA-N
12547,GMXMKSFJQLFOSO-UHFFFAOYSA-N
12555,DGDWCRWJRNMRKX-DILZHRMZSA-N
12563,BRBRVKOYZAMSBL-PXFMFDQNSA-N
12579,NPBNRBWMDNZEBN-YTEKVJICSA-N
12587,GLACGTLACKLUJX-QNAXTHAFSA-N
12595,RJWJHRPNHPHBRN-FKVJWERZSA-N
12603,OONDLKCAZJZRCW-CTPWMPFQSA-N
12611,DAELTTGCCPRYTP-ZLQZEYEISA-N
12619,SUAPQGLGNKUSLY-LJISPDSOSA-N
12627,AWMHMGFGCLBSAY-UHFFFAOYSA-N
12635,YTDNHMHONBWCBV-UHFFFAOYSA-N
12643,AOPMSFXOYJXDNJ-IRFSQMTFSA-N
12651,HXVZGASCDAGAPS-UHFFFAOYSA-N
12659,ORHBXUUXSCNDEV-UHFFFAOYSA-N
12667,MAUAGULXOHJIER-SRJJTFDTSA-N
12675,MZNIJRAPCCELQX-AWOKGZDASA-N
12683,RVGGCRQPGKFZDS-AKRYRNCVSA-N
12691,BLGXFZZNTVWLAY-SCYLSFHTSA-N
12701,LYUZYPKZQDYMEE-WDZFZDKYSA-N
12709,VEZXFTKZUMARDU-UHFFFAOYSA-N
12717,LYGRISUQIZNHGM-UHFFFAOYSA-N
12725,NZBYUSXAWFZDAY-SDCBSSCYSA-N
12733,UFEHYRPBLFGEJW-UHFFFAOYSA-N
12741,GVRIYIMNJGULCZ-ZMKUSUEASA-N
12749,XOKVHFNTYHPEHN-UHFFFAOYSA-N
12757,ZSSVYEUXLNVQMH-UHFFFAOYSA-N
12758,JGGRFKDDIGORCC-LHYXFQTCSA-N
12766,TVKGYMYAOVADOP-SOFGYWHQSA-N
12774,UKTUQKGXNWDYAI-JBRIXVCHSA-N
12782,ZKSZEJFBGODIJW-MXNNCRBYSA-N
12790,GIJDACMRFIMBET-UHFFFAOYSA-N
12798,MVOUGOXRXQDXDC-RSPRXDBDSA-N
12806,WROKSYFOSDWFHL-UQVLWQGYSA-N
12814,ZLPLFUBVEZVYDX-UHFFFAOYSA-N
12822,KPLBOWKEQXYXSD-UHFFFAOYSA-N
12830,WMBWREPUVVBILR-WIYYLYMNSA-N
12831,WJXSYUJKJSOJOG-UHFFFAOYSA-N
12839,SFLMUHDGSQZDOW-FAOXUISGSA-N
12847,FHGZOCAZNHYWAL-UHFFFAOYSA-N
12855,TUGAUFMQYWZJAB-FPLPWBNLSA-N
12863,AWEFUQDNSBBNCR-UHFFFAOYSA-N
12871,XFPSRAYOBUHKRV-IBEHDNSVSA-N
12879,JCDLLLXYAICSQV-INIZCTEOSA-N
12887,ORXQGKIUCDPEAJ-YRNVUSSQSA-N
12895,WYMMNGQSPNWCIK-UHFFFAOYSA-N
12903,VZJHQHUOVIDRCF-UHFFFAOYSA-N
12911,FFDULTAFAQRACT-XKBSQSBASA-N
12919,PBKUOHTZGOWWBK-UHFFFAOYSA-N
12928,NFJVELXCUBWAFL-UHFFFAOYSA-N
12936,HKIKAXXIWJHWLY-UHFFFAOYSA-N
12944,LETBAZLAGJPEIM-ZHACJKMWSA-N
12945,MYXNWGACZJSMBT-UHFFFAOYSA-N
12953,QZGOQORSUIQVIR-FFZVSTMVSA-N
12961,WLCHQSHZHFLMJH-GAVPBTRYSA-N
12969,QWQGMMRHTWIOGH-UHFFFAOYSA-N
12970,AOUZZRQCLQLQIF-UHFFFAOYSA-N
12978,YLCJNMGKCHGJRF-UHFFFAOYSA-N
12986,YTXIGTCAQNODGD-UJPOAAIJSA-N
12994,ZTDRTMVBTLHQII-UHFFFAOYSA-N
13002,RKUNBYITZUJHSG-SPUOUPEWSA-N
13010,MMMVWBXLRFTTSV-UHFFFAOYSA-N
13026,CRSFLLTWRCYNNX-QBNNUVSCSA-N
13034,WEWBWVMTOYUPHH-GXUZYPEDSA-N
13042,NOFOAYPPHIUXJR-APNQCZIXSA-N
13051,KNOJWNDGCRZBBA-UHFFFAOYSA-N
13059,QUHYUSAHBDACNG-UHFFFAOYSA-N
13067,CSATWRZOLKGPRW-KXIDKYMXSA-N
13068,MDMCODCJMHTFIZ-UHFFFAOYSA-N
13069,QOLRLLFJMZLYQJ-LOBDNJQFSA-N
13077,PVPDIJGSCANSAG-SRJJTFDTSA-N
13085,ANNNBEZJTNCXHY-NSCUHMNNSA-N
13093,LKKDASYGWYYFIK-UHFFFAOYSA-N
13101,LKWWJGGLULNRBP-DHDCSXOGSA-N
13109,HLBPOYVRLSXWJJ-PDSMFRHLSA-N
13117,HOEVRHHMDJKUMZ-UHFFFAOYSA-N
13125,JUMSUVHHUVPSOY-RMKNXTFCSA-N
13126,FYCCCUNGXGKNJV-UHFFFAOYSA-N
13134,ZZVZUHRMTUSANL-XACBXLEPSA-N
13142,FGPJTMCJNPRZGF-JXMROGBWSA-N
13143,OKBNMQXBQLZQEM-UHFFFAOYSA-N
13144,LNVWGAALAQOWHF-IUOSPEFCSA-N
13145,XLTFNNCXVBYBSX-UHFFFAOYSA-N
13147,ZIIAJIWLQUVGHB-UHFFFAOYSA-N
13153,IPRIGHIBTRMTDP-UHFFFAOYSA-N
13154,NUGPQONICGTVNA-UHFFFAOYSA-N
13156,NULZZCUABWZIRV-UHFFFAOYSA-N
13158,VHBFFQKBGNRLFZ-UHFFFAOYSA-N
13159,DTFXGVGIKNSCQQ-UHFFFAOYSA-N
13160,KZNIFHPLKGYRTM-UHFFFAOYSA-N
13161,LZERJKGWTQYMBB-UHFFFAOYSA-N
13163,GLMWHQIFJIURES-UHFFFAOYSA-N
13168,RTIXKCRFFJGDFG-UHFFFAOYSA-N
13169,XZQLSABETMKIGG-UHFFFAOYSA-N
13175,OWNRDLYPIYHOQK-UHFFFAOYSA-N
13179,FXNFHKRTJBSTCS-UHFFFAOYSA-N
13182,GMQFOKBGMKVUQZ-UHFFFAOYSA-N
13188,DOFJNFPSMUCECH-UHFFFAOYSA-N
13190,MRIAQLRQZPPODS-UHFFFAOYSA-N
13192,LKMNXYDUQXAUCZ-UHFFFAOYSA-N
13194,CNDZOPXQZSXGSK-UHFFFAOYSA-N
13196,DANYIYRPLHHOCZ-UHFFFAOYSA-N
13198,MIRFNZKXFFLSRY-UHFFFAOYSA-N
13200,PBQMALAAFQMDSP-UHFFFAOYSA-N
13204,IYBLVRRCNVHZQJ-UHFFFAOYSA-N
13205,VCCRNZQBSJXYJD-UHFFFAOYSA-N
13209,MQGPSCMMNJKMHQ-UHFFFAOYSA-N
13211,XHEFDIBZLJXQHF-UHFFFAOYSA-N
13212,IYRMWMYZSQPJKC-UHFFFAOYSA-N
13213,IQPNAANSBPBGFQ-UHFFFAOYSA-N
13214,LLLIKVGWTVPYAL-UHFFFAOYSA-N
13216,FFULTBKXWHYHFQ-UHFFFAOYSA-N
13217,OGURJSOPVFCIOO-UHFFFAOYSA-N
13222,YXOLAZRVSSWPPT-UHFFFAOYSA-N
13225,YEHDMSUNJUONMW-UHFFFAOYSA-N
13234,AHUAGKUYEMQHTH-UHFFFAOYSA-N
13236,ULSUXBXHSYSGDT-UHFFFAOYSA-N
13239,REFJWTPEDVJJIY-UHFFFAOYSA-N
13241,OMICQBVLCVRFGN-UHFFFAOYSA-N
13243,CDOSHBSSFJOMGT-SNVBAGLBSA-N
13245,HVQAJTFOCKOKIN-UHFFFAOYSA-N
13246,PVFGJHYLIHMCQD-UHFFFAOYSA-N
13247,COCYGNDCWFKTMF-UHFFFAOYSA-N
13248,XVMMEYCPXZYLAI-UHFFFAOYSA-N
13253,XUWTZJRCCPNNJR-UHFFFAOYSA-N
13257,SIVAITYPYQQYAP-UHFFFAOYSA-N
13267,UWQJWDYDYIJWKY-UHFFFAOYSA-N
13268,GPZYYYGYCRFPBU-UHFFFAOYSA-N
13270,IQWXFMQSQNSHKI-UHFFFAOYSA-N
13275,LLDTYMGZAXZDDU-UHFFFAOYSA-N
13281,MBNGWHIJMBWFHU-UHFFFAOYSA-N
13287,CHXSDKWBSFDZEU-UHFFFAOYSA-N
13290,VJJZJBUCDWKPLC-UHFFFAOYSA-N
13292,DUXQKCCELUKXOE-CBBZIXHGSA-N
13294,IKMDFBPHZNJCSN-UHFFFAOYSA-N
13295,XRQSPUXANRGDAV-UHFFFAOYSA-N
13301,LCAWNFIFMLXZPQ-UHFFFAOYSA-N
13302,JRFZSUMZAUHNSL-UHFFFAOYSA-N
13306,WEPBGSIAWZTEJR-UHFFFAOYSA-N
13307,BXLAVJWSFYZDPF-UHFFFAOYSA-N
13310,DWZAJFZEYZIHPO-UHFFFAOYSA-N
13312,ALGDHWVALRSLBT-UHFFFAOYSA-N
13314,LKOJGSWUMISDOF-UHFFFAOYSA-N
13316,DDNPCXHBFYJXBJ-UHFFFAOYSA-N
13320,CVEQISBYHSILGF-UHFFFAOYSA-N
13324,YNPOIPFNQJKGQJ-SALKWGHLSA-N
13332,JDBBFQGXBSMMHP-PHINXLAUSA-N
13336,IYGKIJUHLXBVCF-AJIQNVKKSA-N
13338,UHIGZYLCYRQESL-VJWFJHQPSA-N
13340,IGQSSJMCEJLHAO-VSMQRMHTSA-N
13348,IFIQVSCCFRXSJV-UFTBQYHPSA-N
13350,MORLNMAFXVHNAI-IWLDQSELSA-N
13352,OBKKEZLIABHSGY-DOYQYKRZSA-N
13356,ZCOLJUOHXJRHDI-CMWLGVBASA-N
13358,NPVUMVVTBDKDDD-NTQQJVIQSA-N
13362,JGHUOJAZXGSFRI-HOWDAYCMSA-N
13370,UXJMURXRQMFKJC-JEQMPJCPSA-N
13372,AZGNIKZHFDJEPU-FJONONFLSA-N
13376,QQQCWVDPMPFUGF-UHFFFAOYSA-N
13378,SMOFGXHPWCTYQD-UHFFFAOYSA-N
13380,DKRXODJAISNRGA-KIOYJQFDSA-N
13384,NKDFYOWSKOHCCO-YPVLXUMRSA-N
13390,PADQINQHPQKXNL-CABCVRRESA-N
13391,ODLCLZLDYDHRGT-NEGPAABLSA-N
13395,MFIJTASICGGFJA-LAJFDIHTSA-N
13399,STKUCSFEBXPTAY-GSUVRYNNSA-N
13403,XBGJTRDIWPEIMG-YVAUHRMASA-N
13407,FNUPUYFWZXZMIE-CABCVRRESA-N
13408,UQKKDJWFQBNZBJ-PTVYBAHFSA-N
13410,ZVTBPVGTFNEYQP-ZQOOCPEKSA-N
13414,MRMHZWKIOFZZID-WNXWNNQMSA-N
13418,HPMCYOSTTZQBAP-ZRWXNEIDSA-N
13420,JNPXCTROEJQHKD-APAPHXOESA-N
13424,QIUYUYOXCGBABP-UHFFFAOYSA-N
13426,WUADCCWRTIWANL-UHFFFAOYSA-N
13428,AIONOLUJZLIMTK-AWEZNQCLSA-N
13430,GUMFPOIJOXLCLA-JKSUJKDBSA-N
13436,SGKBPTZDIUXCMW-LWCVALJOSA-N
13440,CADNMISJDLVPCK-LSDHHAIUSA-N
13442,KSVVGBSBNPMXJF-RECXWPGBSA-N
13444,OHXPGWPVLFPUSM-KLRNGDHRSA-N
13446,RUDATBOHQWOJDD-BSWAIDMHSA-N
13448,IDRSJGHHZXBATQ-ZFORQUDYSA-N
13450,QFRUZVNPYYYLAN-JQFPPNBKSA-N
13452,IMPPSJRGMZYGJW-UHFFFAOYSA-N
13456,ZEJXENDZTYVXDP-CSJHBIPPSA-N
13458,SDRRSTAVRUERNC-JASYHDAHSA-N
13462,XJMYUPJDAFKICJ-SEAQMCRASA-N
13464,MGQUMSFBIYXTTE-FIYJXLSPSA-N
13470,VLCHQFXSBHIBRV-NJPMDSMTSA-N
13472,PDKGFQJSCXMICA-GBOCIRNBSA-N
13478,GVEZRDBRYNJUDQ-QSUZLTIMSA-N
13482,VSJGJMKGNMDJCI-ZASXJUAOSA-N
13486,KGXLWYQCBAUILI-NBHKXLOCSA-N
13488,RSYUFYQTACJFML-UKRRQHHQSA-N
13489,MPDGHEJMBKOTSU-IYTIXWHISA-N
13491,TZBJGXHYKVUXJN-UHFFFAOYSA-N
13492,XIPQZLUSSJDAIC-UYESFEPRSA-N
13496,XMOCLSLCDHWDHP-WFASDCNBSA-N
13497,MEHUJCGAYMDLEL-LSDHHAIUSA-N
13499,GOYZKWCPWBKPIG-RNKBQGBYSA-N
13503,GODSXGJMZIRXOG-QAYRTFGPSA-N
13509,IFIQVSCCFRXSJV-ZIZFEDMCSA-N
13511,WCGUUGGRBIKTOS-POPPTPIPSA-N
13513,ZPEADZHVGOCGKH-YQTDNFGYSA-N
13517,NEFQWEGQYZRALY-QMYZBKRTSA-N
13521,AIONOLUJZLIMTK-UHFFFAOYSA-N
13523,YSINCDVRUMTOPK-UHFFFAOYSA-N
13524,JMBINOWGIHWPJI-UNSOMVRXSA-N
13530,AKPJXLBXDLSOFY-YCUUMJCDSA-N
13532,QYTFUUGRKFACBM-MHESFOKOSA-N
13540,PVTHJAPFENJVNC-UQTMRZPGSA-N
13550,BYYDEEAJCDGLER-YMILTQATSA-N
13552,RYELKSRCVWRMQX-IKFNMRHDSA-N
13560,LGJMUZUPVCAVPU-HRJGVYIJSA-N
13562,JJGYRVZPUJUFTR-DRWSLCSESA-N
13566,JQMQKOQOLPGBBE-JJMJUPCVSA-N
13568,WKIHBIBUCQPPBY-NQIIRXRSSA-N
13569,LGOQXEQWOCSLEC-CYZBKYQRSA-N
13573,KKSYAZCUYVRKML-IRDZEPHTSA-N
13577,BSXFDHHTXOAUGB-UHFFFAOYSA-N
13579,MGEVYVDQMTWJNV-HOPHSATRSA-N
13583,HKQYGTCOTHHOMP-UHFFFAOYSA-N
13587,MIJYXULNPSFWEK-FQRDBSNUSA-N
13589,RSYUFYQTACJFML-DZGCQCFKSA-N
13590,JKLAVFMVEROOKJ-ARADSITGSA-N
13596,MGJLSBDCWOSMHL-MIUGBVLSSA-N
13598,QUQPHWDTPGMPEX-LLHRBZKSSA-N
13602,YMWRMAOPKNYHMZ-LLVTZOIGSA-N
13604,ZQSIJRDFPHDXIC-UHFFFAOYSA-N
13605,MJBPUQUGJNAPAZ-UHFFFAOYSA-N
13606,YDHSGSSEZHFAJJ-YRJFMNGISA-N
13610,HMUJXQRRKBLVOO-AWEZNQCLSA-N
13612,FTODBIPDTXRIGS-UHFFFAOYSA-N
13614,CXQWRCVTCMQVQX-LSDHHAIUSA-N
13615,MGYBYJXAXUBTQF-FOBVWLSUSA-N
13617,HCEYJYMNIQHPPK-DXTZDJJUSA-N
13621,VPBGBMLWGOFHSN-UHFFFAOYSA-N
13625,UDIXYHJHYVDNOG-UHFFFAOYSA-N
13627,HZUURLOSYMEMET-QPJJXVBHSA-N
13631,MFZDFMOKBMJUGB-HHKUBXQUSA-N
13637,FTVWIRXFELQLPI-UHFFFAOYSA-N
13638,OBSYBRPAKCASQB-AGQYDFLVSA-N
13644,DEMKZLAVQYISIA-UZQFATADSA-N
13646,RMSKZOXJAHOIER-GGKKSNITSA-N
13650,CWZLMWSCLBFCBY-UHFFFAOYSA-N
13652,DBUOUVZMYWYRRI-YWEKDMGLSA-N
13656,DLIKSSGEMUFQOK-RGHIGTIISA-N
13658,FSBUXLDOLNLABB-ISAKITKMSA-N
13662,DGABKXLVXPYZII-FKEALSDISA-N
13668,QFRUZVNPYYYLAN-UOICJKMOSA-N
13672,IJRBORPEVKCEQD-WJUVRXFPSA-N
13674,KXGVEGMKQFWNSR-LLQZFEROSA-N
13680,HHAMKMUMKLXDFQ-KFRFNOKNSA-N
13682,OAUIRSVJXOFAOO-UHFFFAOYSA-N
13683,NBQYBZYBTNQEQG-LSDHHAIUSA-N
13684,BHQCQFFYRZLCQQ-OELDTZBJSA-N
13688,PGOYMURMZNDHNS-MYPRUECHSA-N
13690,HKVGJQVJNQRJPO-GSDSTAPDSA-N
13694,YRARGBWFOYODHQ-KHTUMDHASA-N
13698,JYVLOGILHBWLAE-LTDPXCIYSA-N
13706,DSXFHNSGLYXPNG-WUBGXZNDSA-N
13710,RLGYLKXDNQBDCU-HUSRUCGJSA-N
13714,AEBORMNUOJEQOL-OWDFILOBSA-N
13720,KLDSZMWMGCWFKH-GIEZYDSUSA-N
13724,PRWWZXHOHQRKDQ-SVDQWWJBSA-N
13732,DLYVTEULDNMQAR-WRELVWFXSA-N
13734,QGXBDMJGAMFCBF-LUJOEAJASA-N
13736,RPMNUQRUHXIGHK-PYXJVEIZSA-N
13738,IDQVFXZQPGAVAM-LWWFSHPVSA-N
13740,GOZAGCBVCYGQHP-PRJUEBITSA-N
13742,BSZLLSHGSWKZRE-IYLQSFRJSA-N
13746,AURFZBICLPNKBZ-JMTGGFPBSA-N
13750,DFPMSGMNTNDNHN-GORRZPGTSA-N
13754,HEYZWPRKKUGDCR-QBXMEVCASA-N
13758,VUXVICJLLYFORC-FQRWNCDPSA-N
13762,UXSACQOOWZMGSE-RWORTQBESA-N
13766,NRVMCZSNPIHCNL-KJTZQEHHSA-N
13770,GOYZKWCPWBKPIG-JRMYCMGUSA-N
13776,URFCJEUYXNAHFI-UHFFFAOYSA-N
13777,VJFDKEUBFXWWLI-LTDPXCIYSA-N
13781,DFPMSGMNTNDNHN-ZPHOTFPESA-N
13787,OBBCRPUNCUPUOS-UHFFFAOYSA-N
13788,KVRQGMOSZKPBNS-FMHLWDFHSA-N
13790,YJXDGWUNRYLINJ-POZBICLPSA-N
13792,QBOFNNDGXMMAOI-QXYFZNHMSA-N
13798,RETJLKUBHXTIGH-FZFRBNDOSA-N
13800,DVKADJHCAQTKAS-VMPITWQZSA-N
13804,PFTAWBLQPZVEMU-DZGCQCFKSA-N
13806,JBFOLLJCGUCDQP-ZFORQUDYSA-N
13808,FEGCPHIPSRBREU-HVATVPOCSA-N
13810,MUMGGOZAMZWBJJ-KZYORJDKSA-N
13812,NQXDDVZOWBZZHN-CRSYUQHVSA-N
13814,XMOCLSLCDHWDHP-IUODEOHRSA-N
13815,JNNGEAWILNVFFD-CDJYTOATSA-N
13817,PRAUVHZJPXOEIF-AOLYGAPISA-N
13821,IKIIZLYTISPENI-ZFORQUDYSA-N
13823,OBGPEBYHGIUFBN-UHFFFAOYSA-N
13824,DSAJORLEPQBKDA-UHFFFAOYSA-N
13826,FIMKKXUVGBDUNE-UHFFFAOYSA-N
13830,KQBFNIVRWYGXRN-QJMXJWGSSA-N
13835,RPKLZQLYODPWTM-LVVAJZGHSA-N
13839,GIWDXQUHEWOAQO-DODNOZFWSA-N
13843,QSQFOIMEVMOMIJ-DHGKSUBNSA-N
13849,MLRDPISQDDYRHC-BSTKLLGTSA-N
13853,MFQIWHVVFBCURA-LKBAIHPRSA-N
13857,VFYACENSDOLJGQ-SNONCDODSA-N
13861,DPJZYONMQLGZJE-UHFFFAOYSA-N
13862,IKFXPERBVFYFMS-DPILJLKXSA-N
13864,SCIGYBYAZUFDLA-LUVHZPKESA-N
13868,YPWHZCPMOQGCDQ-HMGRVEAOSA-N
13870,PEFNSGRTCBGNAN-QNDFHXLGSA-N
13872,NCEXCGUAXVAJMI-UHFFFAOYSA-N
13876,ZHUOOEGSSFNTNP-HWAYZWBCSA-N
13878,UIUKQADPLSFRBN-NIJWRPTQSA-N
13882,OEWYUGADRFSLPO-BDRQEEMSSA-N
13890,RTCISXKUWWQSRF-FKGKEHBJSA-N
13894,NTDLXWMIWOECHG-YRCFQSNFSA-N
13896,YCOKATFNRPZIIU-WQKMQOEMSA-N
13898,OPKOYMHTMXJHRG-GUDQPSSMSA-N
13904,RVPPNKOUWPOQRX-VAVPTQKHSA-N
13908,IUXOFSAPFXGQID-KLZCBZFCSA-N
13912,FNMHEHXNBNCPCI-KAUJWNRDSA-N
13914,SMVZSPTUXANNGQ-OHRRTPEXSA-N
13920,JXSVIVRDWWRQRT-BEELBYNOSA-N
13922,FLSOTPIEFVBPBU-LDBVRRDLSA-N
13926,MPQNEAGCEIDBTL-HQGYOKCVSA-N
13932,LCTHKUJMKQOYDY-ZYIGBFDLSA-N
13938,WWSNSDWQADMAJB-UHFFFAOYSA-N
13944,KBDOXLBZVFQTMH-RXRQAHPVSA-N
13948,HWTKLHMQRXNNDR-PVZHQXNISA-N
13954,MRPJBTFHICBFNE-JKSUJKDBSA-N
13956,NMLBREXWQRPOJH-CRAIPNDOSA-N
13958,XPHIPEXPAGCEBM-UHFFFAOYSA-N
13960,ZQXBVPNSSGEUCM-CVNCRVLDSA-N
13964,JNKDXWGGWNLKOD-BLFJEXFJSA-N
13970,ORJDDOBAOGKRJV-CQSZACIVSA-N
13972,AKARZXADDNXORH-WQVLWSBKSA-N
13978,MVTLXFDHKDVAIC-LQQBYVAQSA-N
13982,KBDSLGBFQAGHBE-MSGMIQHVSA-N
13984,NGUSMSQYMDPBGF-UHFFFAOYSA-N
13988,SSRCYGATNWFTBJ-UHFFFAOYSA-N
13990,HHDWDLBSGSYIQQ-GNDDPXJISA-N
13994,FHIJMQWMMZEFBL-OPSYHMPNSA-N
14000,BUVRFGBECZFCRL-YDTKTFQDSA-N
14002,RUDATBOHQWOJDD-UZVSRGJWSA-N
14006,ZFHSKBJBODQVBX-AXTRIDKLSA-N
14008,RIXHOIPNPVCEHZ-WIYOTWCASA-N
14014,WWYQJKVSCKMFCP-MSOLQXFVSA-N
14016,RAJWOBJTTGJROA-WZNAKSSCSA-N
14020,PJJGZPJJTHBVMX-UHFFFAOYSA-N
14021,NKDFYOWSKOHCCO-MQMWGCQISA-N
14023,RRCYPDDIDYVEIW-UHFFFAOYSA-N
14025,UHNXUSWGOJMEFO-QNDFHXLGSA-N
14027,RWNHLTKFBKYDOJ-IJDLJTCJSA-N
14029,MIJYXULNPSFWEK-LGSDIRQTSA-N
14031,XTDOKCBBQODVJW-LTDPXCIYSA-N
14035,DJOJDHGQRNZXQQ-UHFFFAOYSA-N
14037,QUQPHWDTPGMPEX-QJBIFVCTSA-N
14039,XJDJODWHDUVAGF-SHKSAQAUSA-N
14047,YIKKMWSQVKJCOP-ABXCMAEBSA-N
14049,FURUXTVZLHCCNA-UHFFFAOYSA-N
14050,LRHHPZILMPIMIY-GGKKSNITSA-N
14054,BSSWIRVAMSGQMG-RTTXQYISSA-N
14058,IVHWWYNBMIROCV-AJIQNVKKSA-N
14062,NZRLODDQFPZTPM-CVEARBPZSA-N
14065,IAFBOKYTDSDNHV-UHFFFAOYSA-N
14069,QYIXCDOBOSTCEI-QCYZZNICSA-N
14073,TUGWPJJTQNLKCL-UHFFFAOYSA-N
14075,FZBGZDZLYSLJFE-MVAMGWTESA-N
14081,MQLSOVRLZHTATK-WNCYHATQSA-N
14085,UGIFUOHGTIYUFC-AOVQYZRUSA-N
14089,QBKMGAJNGCTGFA-NVNVVJOKSA-N
14095,AHTRGGWSBFOEEG-BXDNVMCDSA-N
14099,DFURNQJNFBMYHM-UHFFFAOYSA-N
14100,HPSILLNWMJOWNM-UJMOMDHXSA-N
14104,ADDLXGZBTXNVDS-OFNFSOOGSA-N
14110,MPZFKYARTKTCEC-HGYYSIBVSA-N
14116,MPDGHEJMBKOTSU-PMTKVOBESA-N
14118,JPGOJQJBPLCRQP-YHJYJCICSA-N
14120,WCGUUGGRBIKTOS-GPOJBZKASA-N
14122,LPNBCGIVZXHHHO-UHFFFAOYSA-N
14124,QGXBDMJGAMFCBF-HLUDHZFRSA-N
14126,AKNILCMFRRDTEY-NUGKWEEESA-N
14130,VSUOKLTVXQRUSG-ZFORQUDYSA-N
14132,YRQNFHSTTZXQBU-HTVHDVGDSA-N
14138,LZLGHWHSUZVUFZ-JKSUJKDBSA-N
14140,BCWKMSLBLIKZQX-HMZWGCPASA-N
14144,GKPNPQODFXMCGO-IFXJQAMLSA-N
14145,GOHHRVCULPSXEU-RWORTQBESA-N
14149,OMQADRGFMLGFJF-GDRLQRQZSA-N
14155,LNOHXHDWGCMVCO-NTKSAMNMSA-N
14157,QDEYKGKBMCIYCT-PHINXLAUSA-N
14161,KHCREUNEQGORAM-UHFFFAOYSA-N
14165,DJBWDHVUJCXYBH-IBVGEFGBSA-N
14169,KPCWWZLBHGSXPW-CVEARBPZSA-N
14171,ROWFSYNHZPRCKO-UHFFFAOYSA-N
14173,QIVOTMOKECOCJC-OKUZHXNBSA-N
14175,WVKDAMAQNQRJFP-UHFFFAOYSA-N
14177,DFPMSGMNTNDNHN-JJLSSNRUSA-N
14183,RTQZACYXEASSEF-FTOGDFEBSA-N
14187,SMTKSCGLXONVGL-FMDXMRPMSA-N
14195,XPLMUADTACCMDJ-LVDCRSFESA-N
14199,RLTDMRMWVUCOAI-BOVQQMIFSA-N
14201,KMOUJOKENFFTPU-QNDFHXLGSA-N
14203,RFWGABANNQMHMZ-ZCHJGGQASA-N
14207,MFYSYFVPBJMHGN-ZPOLXVRWSA-N
14209,OWWJIYCJJLVSON-DQLSKFBESA-N
14213,LNQCUTNLHUQZLR-OZJWLQQPSA-N
14215,MPDGHEJMBKOTSU-YKLVYJNSSA-N
14217,KHCCSRVJJDOANA-ZOSGAXDSSA-N
14219,MAYJEFRPIKEYBL-DKBZVKCESA-N
14221,BBSPXZBAZKHYLF-HUBYRZTESA-N
