0,ARSRJFRKVXALTF-UHFFFAOYSA-N
1,JLIDBLDQVAYHNE-YKALOCIXSA-N
3,WBYWAXJHAXSJNI-VOTSOKGWSA-N
5,RWSXRVCMGQZWBV-WDSKDSINSA-N
7,UDOOPSJCRMKSGL-ZHACJKMWSA-N
8,CGQCWMIAEPEHNQ-UHFFFAOYSA-N
10,NGHVIOIJCVXTGV-ALEPSDHESA-N
12,KRKNYBCHXYNGOX-UHFFFAOYSA-N
14,AZQWKYJCGOJGHM-UHFFFAOYSA-N
16,POJWUDADGALRAB-UHFFFAOYSA-N
18,ZOOGRGPOEVQQDX-UUOKFMHZSA-N
20,FFGPTBGBLSHEPO-UHFFFAOYSA-N
22,RKUNBYITZUJHSG-PJPHBNEVSA-N
24,OIRDTQYFTABQOQ-KQYNXXCUSA-N
26,RYYVLZVUVIJVGH-UHFFFAOYSA-N
28,DBPWSSGDRRHUNT-CEGNMAFCSA-N
30,DLIKSSGEMUFQOK-SFTVRKLSSA-N
32,BDJRBEYXGGNYIS-UHFFFAOYSA-N
34,SJWWTRQNNRNTPU-ABBNZJFMSA-N
36,VKOBVWXKNCXXDE-UHFFFAOYSA-N
38,JYGXADMDTFJGBT-VWUMJDOOSA-N
40,ISAOCJYIOMOJEB-UHFFFAOYSA-N
42,DCZFGQYXRKMVFG-UHFFFAOYSA-N
44,MXHRCPNRJAMMIM-SHYZEUOFSA-N
46,HDTRYLNUVZCQOY-LIZSDCNHSA-N
48,NEZJDVYDSZTRFS-RMPHRYRLSA-N
50,JTEJPPKMYBDEMY-UHFFFAOYSA-N
52,MXWJVTOOROXGIU-UHFFFAOYSA-N
54,WIIZWVCIJKGZOK-RKDXNWHRSA-N
56,VGEREEWJJVICBM-UHFFFAOYSA-N
57,WHBHBVVOGNECLV-VLAJLFEZSA-N
59,GDLIGKIOYRNHDA-UHFFFAOYSA-N
61,RSWGJHLUYNHPMX-ONCXSQPRSA-N
63,CXQWRCVTCMQVQX-UHFFFAOYSA-N
65,DPXWHZUTDZONDB-UHFFFAOYSA-N
67,XOMRRQXKHMYMOC-NRFANRHFSA-N
69,RJKFOVLPORLFTN-LEKSSAKUSA-N
71,YAADMLWHGMUGQL-VOTSOKGWSA-N
73,YRCWQPVGYLYSOX-UHFFFAOYSA-N
75,CSGQJHQYWJLPKY-UHFFFAOYSA-N
77,OLXZPDWKRNYJJZ-RRKCRQDMSA-N
79,RGCKGOZRHPZPFP-UHFFFAOYSA-N
81,XJQPQKLURWNAAH-UHFFFAOYSA-N
83,OWFJMIVZYSDULZ-PXOLEDIWSA-N
85,DXYUAIFZCFRPTH-UHFFFAOYSA-N
87,IXORZMNAPKEEDV-OBDJNFEBSA-N
89,IPCSVZSSVZVIGE-UHFFFAOYSA-N
91,PFTAWBLQPZVEMU-UKRRQHHQSA-N
92,CARMWCSYOJNGRD-FFPTXMBDSA-N
94,TUKYTUMQZQFKNX-UHFFFAOYSA-N
96,IZSWILLJDXDGDJ-FARCUNLSSA-N
98,KMJPKUVSXFVQGZ-WQLSNUALSA-N
100,IWINXMWZYVGFKC-JHLWKMQHSA-N
102,UALLEVOGEQZKSX-UHFFFAOYSA-N
104,AJTULIWKBMDPCJ-JOLKNDTNSA-N
112,MFMBOHMTFYYVAI-SSDOTTSWSA-N
114,APLKWZASYUZSBL-PBHICJAKSA-N
116,PIFFQYJYNWXNGE-UHFFFAOYSA-N
118,KHQNSSJNIXVKMK-QSCDNJGLSA-N
120,YKPUWZUDDOIDPM-SOFGYWHQSA-N
122,LTEPZFZSPZASKJ-UHFFFAOYSA-N
124,CEJSYHIZUAMEQV-CBVZESEGSA-N
126,NNOMPFCNQCRAIO-UHFFFAOYSA-N
128,BOLQJTPHPSDZHR-UHFFFAOYSA-N
130,JZWLSXINEVHWEP-UHFFFAOYSA-N
132,GVJHHUAWPYXKBD-IEOSBIPESA-N
134,XMLBVCBGTUQJHY-UHFFFAOYSA-N
136,YGVHOSGNOYKRIH-UKTHYFLESA-N
138,DLHZVTVUHATYAU-UHFFFAOYSA-N
140,HRUASHPCEMXOMR-UHFFFAOYSA-N
142,JJOLHRYZQSDLSA-UHFFFAOYSA-N
144,NVKNRXOMCYTFJF-WFLOGZPDSA-N
146,XJNQXTISSHEQKD-UNXUOHHUSA-N
148,SKUCQDOSGKINGP-YQMRLJPGSA-N
150,QJALTHDWQWOLLT-ZBGLXGBJSA-N
152,DTNGBIGBPPPNNB-UHFFFAOYSA-N
154,NQWVSMVXKMHKTF-JKSUJKDBSA-N
156,MATGKVZWFZHCLI-LSDHHAIUSA-N
158,KTYZKXFERQUCPX-SPUCVAIDSA-N
160,PQTARGHEXNJCRK-MOHXMFTGSA-N
162,QPTBIDGWTVNLQQ-UHFFFAOYSA-N
164,BEJNERDRQOWKJM-UHFFFAOYSA-N
166,GGNFGJZLCXTJLH-UHFFFAOYSA-N
168,JAYAGJDXJIDEKI-UHFFFAOYSA-N
170,UNFWWIHTNXNPBV-WXKVUWSESA-N
172,INBMTJJPUABOQJ-VGOFMYFVSA-N
174,FCWYNTDTQPCVPG-UHFFFAOYSA-N
176,TXVHSAPNXGBCKX-JQIJEIRASA-N
178,CNSUXOYAIZBGRY-AJTZKIQZSA-N
184,UCLZXGHPVJMYSQ-UHFFFAOYSA-N
186,XHBZOAYMBBUURD-UHFFFAOYSA-N
188,GBRZTUJCDFSIHM-KRWDZBQOSA-N
190,JXSVIVRDWWRQRT-UHFFFAOYSA-N
192,YCOFRPYSZKIPBQ-UHFFFAOYSA-N
194,QZUDEXAHKXCIDG-NUUDRHLNSA-N
196,AOUYWWJPLUTFAB-NUIIJRBZSA-N
200,VDUIGYAPSXCJFC-UHFFFAOYSA-N
202,WVFNARDJAJTRAI-ZRGNYTFBSA-N
204,GFERNZCCTZEIET-UHFFFAOYSA-N
206,LWOXGQKLDYQLMZ-ZZXKWVIFSA-N
208,SDGDWRYYHQOQOJ-LQGJONKUSA-N
214,XPCTZQVDEJYUGT-UHFFFAOYSA-N
216,LBRPLJCNRZUXLS-YTMAOMSOSA-N
218,ZLLQQKITWRWKTD-UHFFFAOYSA-N
220,PLGNVFSTPJUFKJ-UKTHLTGXSA-N
222,QISXROCIXKXUPS-OWVLCBNUSA-N
224,ODGKTDLGCWUSEC-UHFFFAOYSA-N
226,DDUHZTYCFQRHIY-RBHXEPJQSA-N
228,JVCNHGXAVMINTN-QBNAFFQBSA-N
232,OLSYHLURTGEIBH-UHFFFAOYSA-N
234,HYTGGNIMZXFORS-MGYKWWNKSA-N
236,NBMBQDMXBCIEMX-UHFFFAOYSA-N
238,CUCUKLJLRRAKFN-UHFFFAOYSA-N
240,WEHFIEZHFRETHH-ZHACJKMWSA-N
242,ZZNLYJRVCVLQOY-UHFFFAOYSA-N
244,YQDJUXPUIRGKNV-MNOLRWOYSA-N
246,ANJTVLIZGCUXLD-DTWKUNHWSA-N
248,BPEXJHGGARTCIR-UHFFFAOYSA-N
250,TXFYYWHRTDECTR-UHFFFAOYSA-N
252,HEMSJKZDHNSSEW-UHFFFAOYSA-N
254,XQXPVVBIMDBYFF-UHFFFAOYSA-N
256,PTBQWWHUOMDVFS-UHFFFAOYSA-N
258,ZUNJWEGRDSXKIO-UHFFFAOYSA-N
260,KLSSFMQBLMDBRQ-WCSXKCKPSA-N
262,LADPNODMUXOPRG-UHFFFAOYSA-N
264,NDXWYVRAUFPPEJ-UHFFFAOYSA-N
266,AFDANKUHSLVEBJ-MBOHLOIDSA-N
268,RPHAAJGBADUATP-UHFFFAOYSA-N
270,PROQIPRRNZUXQM-ZXXIGWHRSA-N
272,RJURFGZVJUQBHK-UHFFFAOYSA-N
274,VXTQFTUOAJRUDO-UHFFFAOYSA-N
276,GQLVRVYXAHDDLB-PJFSTRORSA-N
278,YRZXKRQRZJMBFT-UHFFFAOYSA-N
280,DAUAQNGYDSHRET-UHFFFAOYSA-N
282,CCOJFDRSZSSKOG-SNVBAGLBSA-N
284,GDAAEAXMNLVRCZ-SFHVURJKSA-N
286,GRJLGDWPUYQSHL-LOJYNRMOSA-N
288,OHLQBKZXSJYBMK-UHFFFAOYSA-N
290,KALVKBCVJGXOKE-UHFFFAOYSA-N
292,QSEIUMVWJJWZJP-PXZOOIHESA-N
294,UPALKCDWIDYZDP-UHFFFAOYSA-N
296,VOOYTQRREPYRIW-LBPRGKRZSA-N
298,SFUCGABQOMYVJW-UHFFFAOYSA-N
300,TUODPMGCCJSJRH-UHFFFAOYSA-N
302,GKHCBYYBLTXYEV-UJPOAAIJSA-N
304,HGJXAVROWQLCTP-YSNZXMJVSA-N
306,KDHNUTVJWLXEHG-UHFFFAOYSA-N
308,GXBAKQFLYWSOJH-YTXTXJHMSA-N
310,TUXHHVJPGQUPCF-DYVFJYSZSA-N
312,URGZBBCARSDFSL-PTRNVCADSA-N
320,MXEIKUWMKSYEII-XRHWURSXSA-N
322,OPPGAHUCKDKQJR-UHFFFAOYSA-N
324,XUXBOSSCMLZGTA-UHFFFAOYSA-N
326,SXPZFHCIUAADLD-UHFFFAOYSA-N
328,WKNXOKHAEDTQCX-CQSZACIVSA-N
330,IECPWNUMDGFDKC-MZJAQBGESA-N
332,FHEHIXJLCWUPCZ-UHFFFAOYSA-N
334,ATDWJOOPFDQZNK-UHFFFAOYSA-N
336,QOFWRHWADNWKSU-LRXIOGKNSA-N
338,DOUMFZQKYFQNTF-WUTVXBCWSA-N
340,ODJLBQGVINUMMR-HZXDTFASSA-N
342,HTCUURQJNZBKIA-XFWSIPNHSA-N
344,QVMUHZHZYCDMAI-RYUDHWBXSA-N
346,NZSCHTYUGUVLHG-WEVVVXLNSA-N
348,KVAGRMDUXLYLAZ-ZGZXWHTRSA-N
350,QPNUGFQLBMFLFT-OBGWFSINSA-N
352,VFENFLGNSRQELY-UHFFFAOYSA-N
354,NUYFKDBCHFKOBT-UHFFFAOYSA-N
356,BCRRDBKZXSRMHL-SSDOTTSWSA-N
358,OCDGBSUVYYVKQZ-UHFFFAOYSA-N
360,UJZQBMQZMKFSRV-XBXARRHUSA-N
362,ZRVDANDJSTYELM-FXAWDEMLSA-N
364,KFKRXESVMDBTNQ-UHFFFAOYSA-N
368,NPDSHTNEKLQQIJ-SIGMCMEVSA-N
370,RJURFGZVJUQBHK-IIXSONLDSA-N
372,AIULWNKTYPZYAN-GOSISDBHSA-N
376,QJAPFSSVKIZTMR-UHFFFAOYSA-N
378,LPLVUJXQOOQHMX-UHFFFAOYSA-N
380,BYTQIIPUIDTMNL-UHFFFAOYSA-N
382,RDKDIPDDUFMMMT-UHFFFAOYSA-N
384,AYJLVEAOIKOWIP-DUKVQSBLSA-N
386,XUPOZHDUFRMVTF-UHFFFAOYSA-N
388,SAOOBRUHTPONGX-UANCAJPASA-N
396,JGXPRDVSWGDODG-UHFFFAOYSA-N
398,QJJXYPPXXYFBGM-LJIGMGMYSA-N
404,NPNNKDMSXVRADT-WEVVVXLNSA-N
406,RPJBXUNEXVNBIF-UHFFFAOYSA-N
408,VCMMXZQDRFWYSE-UHFFFAOYSA-N
410,GZVIQGVWSNEONZ-UHFFFAOYSA-N
412,OXQKEKGBFMQTML-UHFFFAOYSA-N
414,ZITBJWXLODLDRH-UHFFFAOYSA-N
416,VZXPWVDKXCYHSI-UHFFFAOYSA-N
418,OHHKDUWFPNAEHQ-UHFFFAOYSA-N
420,PKPHZFVECLENRP-QDWLCUAPSA-N
422,KTEXNACQROZXEV-SLXBATTESA-N
424,PCMFSBCRKKRDDK-IGIWBUNKSA-N
426,HLPXMGYELYMAQM-UHFFFAOYSA-N
428,DEFIJGJJJKEYGS-CQSZACIVSA-N
430,BDDNYDPRCCDQQJ-PBHICJAKSA-N
432,KQJSQWZMSAGSHN-JJWQIEBTSA-N
434,PVNIIMVLHYAWGP-UHFFFAOYSA-N
436,PONPPNYZKHNPKZ-BAHCCNBTSA-N
440,TURXCFUGBPBPRS-UHFFFAOYSA-N
442,SFQLDKSMEHBZRN-LWZURRPWSA-N
444,YOTCKRFNSMJTGD-PSWUJVJRSA-N
454,GVRNTWSGBWPJGS-YVKFZJNCSA-N
456,BVDHPBILFRQGEC-UHFFFAOYSA-N
458,LZXXRASHAINSDN-XEHIIEKUSA-N
460,ZFRKQXVRDFCRJG-UHFFFAOYSA-N
462,FSNITHOUQGJHTR-UHFFFAOYSA-N
464,QQNSARJGBPMQDI-MZVUKIKXSA-N
466,OKNVMWXBWKWFGA-ROPCREHHSA-N
468,ZCFFYALKHPIRKJ-UHFFFAOYSA-N
476,UULGWGARYDGVBM-UHFFFAOYSA-N
478,JNELGWHKGNBSMD-UHFFFAOYSA-N
480,CGUVFWCRUYAIOJ-UHFFFAOYSA-N
482,TYDBFNAOFZIICW-UHFFFAOYSA-N
484,DRTQHJPVMGBUCF-UHFFFAOYSA-N
486,BPIMOIWHAHUBPJ-SSDOTTSWSA-N
488,VQOXZBDYSJBXMA-NQTDYLQESA-N
490,XNPVHIQPSAZTLC-APZTZJSISA-N
492,KVNRDSLYCOJCRD-UHFFFAOYSA-N
494,XJHDMGJURBVLLE-BOCCBSBMSA-N
496,FBPFZTCFMRRESA-KVTDHHQDSA-N
498,DZTHIGRZJZPRDV-UHFFFAOYSA-N
500,JGGWNGRBXJWAOC-UHFFFAOYSA-N
502,MQEOTHTYNCMSAN-UHFFFAOYSA-N
504,OEWCQSJKSNWJTH-UHFFFAOYSA-N
506,KQJGPGHQDDZVHJ-ZZXKWVIFSA-N
508,HFSJWNXFQYKQNX-GTTIYPEBSA-N
510,RCLFRVZNHRFQGE-UHFFFAOYSA-N
512,AUNGANRZJHBGPY-SCRDCRAPSA-N
514,KSPIYJQBLVDRRI-UHFFFAOYSA-N
516,NGMQJZCKXKTQID-CSKARUKUSA-N
518,FTVKHUHJWDMWIR-UHFFFAOYSA-N
520,GAEQWKVGMHUUKO-UHFFFAOYSA-N
522,XEAQIWGXBXCYFX-GUOLPTJISA-N
524,ZBHUUXLHDOUMKM-REZTVBANSA-N
525,FYDVPEVHFUBOJG-UHFFFAOYSA-N
527,KGYCKUADVHYVLM-UHFFFAOYSA-N
529,XWKYXEIGWQYOCY-UHFFFAOYSA-N
531,QKVNMVAISCKGFO-NYWNYWLFSA-N
533,HGHSJJSYVZPIAW-NWMIEQKASA-N
535,KUTDAKOPPDXZDV-UHFFFAOYSA-N
537,DBUCFOVFALNEOO-HWBIYQLFSA-N
539,AJNMXMZCRHTBEH-UHFFFAOYSA-N
541,LBSJJNAMGVDGCU-UHFFFAOYSA-N
543,JLKWLPLEMBUFOD-UHFFFAOYSA-N
545,CBQJSKKFNMDLON-UHFFFAOYSA-N
547,JMSVCTWVEWCHDZ-UHFFFAOYSA-N
549,ZFXYFBGIUFBOJW-UHFFFAOYSA-N
551,ZZGVJHSBRGZEML-UHFFFAOYSA-N
553,BIQPSTSCCIEMEI-NCHBFNGESA-N
555,IPMYMEWFZKHGAX-ZKSIBHASSA-N
557,DZBBOCDYINLWCH-UHFFFAOYSA-N
559,HEBKCHPVOIAQTA-QWWZWVQMSA-N
561,DQNFLBXNPGBCOU-MBGCCUORSA-N
563,ZEASWHWETFMWCV-ISBUVJFSSA-N
565,RXPRRQLKFXBCSJ-GIVPXCGWSA-N
567,LXAMCLNOVGHDMD-UHFFFAOYSA-N
569,CDSMSBUVCWHORP-UHFFFAOYSA-N
571,BNWJOHGLIBDBOB-UHFFFAOYSA-N
573,DNXHEGUUPJUMQT-CBZIJGRNSA-N
575,KLGPVOFVVYHEGO-VBIQWIQDSA-N
577,ZIUSSTSXXLLKKK-KOBPDPAPSA-N
579,AHLPHDHHMVZTML-UHFFFAOYSA-N
581,LZJRNLRASBVRRX-UHFFFAOYSA-N
583,KUTVEHNZHKAAAO-UHFFFAOYSA-N
585,LREZRXWUEZCZRU-UHFFFAOYSA-N
587,VEGGRTFDFMUBPD-ONEGZZNKSA-N
589,TURHNAJJDDIVGC-UHFFFAOYSA-N
591,OLDFOHABNQZMKB-UHFFFAOYSA-N
593,DTAYYQSEJFBYEB-UHFFFAOYSA-N
595,SHIBSTMRCDJXLN-KCZCNTNESA-N
597,SVQZFPSKTHNMRD-DZCZYSFVSA-N
603,QIVBCDIJIAJPQS-VIFPVBQESA-N
605,APJYDQYYACXCRM-UHFFFAOYSA-N
607,QWDCJWDUPSTHHK-UHFFFAOYSA-N
609,YOGANETYFUQWIM-PXJZQJOASA-N
611,YCUWMGPYKGLQQF-UHFFFAOYSA-N
613,JXUGSXOSZMZDGF-UHFFFAOYSA-N
615,HEBKCHPVOIAQTA-UHFFFAOYSA-N
617,OZHHCUMXMKJHSM-MXAYSNPKSA-N
619,STQGQHZAVUOBTE-VGBVRHCVSA-N
621,DOUMFZQKYFQNTF-ZZXKWVIFSA-N
623,SAMXBYLRDCRTCV-HMSDUJDUSA-N
625,FBWWXAGANVJTLU-BKFIFAIMSA-N
627,ZFMSMUAANRJZFM-UHFFFAOYSA-N
629,PXOYOCNNSUAQNS-AGNJHWRGSA-N
631,VSJKWCGYPAHWDS-FQEVSTJZSA-N
633,HCZKYJDFEPMADG-UHFFFAOYSA-N
635,HMJJWFFZRCLIDN-UHFFFAOYSA-N
637,DQWQITFUWFBXON-UHFFFAOYSA-N
639,WZUVPPKBWHMQCE-UHFFFAOYSA-N
641,UYUOIPIOTPMHKV-UHFFFAOYSA-N
643,UXEQRVDJXHNPFC-YZWLQPDGSA-N
645,VOXZDWNPVJITMN-ZBRFXRBCSA-N
647,NJCVPQRHRKYSAZ-UHFFFAOYSA-N
649,MIJKZXWOOXIEEU-UHFFFAOYSA-N
651,LJOQGZACKSYWCH-UHFFFAOYSA-N
653,GRNFGBBADZIGAQ-AAGSZODUSA-N
655,VDVJGIYXDVPQLP-UHFFFAOYSA-N
657,UCSJYZPVAKXKNQ-HZYVHMACSA-N
661,LUHMMHZLDLBAKX-DBIGVJDZSA-N
663,GLDQAMYCGOIJDV-UHFFFAOYSA-N
665,DLCVFIMWFKVRTM-UHFFFAOYSA-N
667,CJFQIVAOBBTJCI-UHFFFAOYSA-N
669,UWHUTZOCTZJUKC-JKSUJKDBSA-N
673,AFSDNFLWKVMVRB-UHFFFAOYSA-N
677,JFACETXYABVHFD-WXPPGMDDSA-N
679,GFDOSVZSTRYXMK-UHFFFAOYSA-N
681,HAWSQZCWOQZXHI-FQEVSTJZSA-N
685,KSMZUKWIDPCGBS-UHFFFAOYSA-N
687,XLGNZQXMDVSKOV-UHFFFAOYSA-N
689,GDCHGVOUTCXBSI-JALRXJJFSA-N
691,QKMZOFZYVGJLGS-NGJKUKSJSA-N
699,GFPLPBCJRRNZHM-DXFPZVFRSA-N
707,MLKQAGPAYHTNQQ-UJKXLRNUSA-N
713,WYQVAPGDARQUBT-ZKFJACKJSA-N
721,LPLVUJXQOOQHMX-FPWVOTIESA-N
729,AVJNWIDNAJCPRK-AHDPYWBXSA-N
737,DRZYJIXQEOTQDA-VETDSPFISA-N
745,LDCLXZSKVDYDBF-NCWMSNPISA-N
751,IMXVXFLNNGIIDL-DRHONXNKSA-N
759,YFPIJADURJHEIX-IQSWHJRHSA-N
767,PUOQHFWXBKTHST-MPLMROMBSA-N
775,RZQHWSDMLZHIRN-MCTPBCADSA-N
781,CUOZRGBQTOSWAY-IFBFNMMESA-N
787,YQDXYGOKFNYKCJ-FIXUWSFMSA-N
795,AXNXSFBKZQIMPF-RIBCLQTCSA-N
803,RPWKGRUCXRZSSG-JTABRCNJSA-N
811,IIIOQVDDEWZCEQ-YKQGQIHISA-N
819,RYHDIBJJJRNDSX-JINWQKPISA-N
827,BBPOLSMDPRNEHZ-VDWCOSHKSA-N
835,CQWIBPNPRFMAOF-XRKGDRAJSA-N
843,GZNCPAASLBFTKY-BIOGTAEPSA-N
851,WBCUTGOPTQFPJT-WQPNWDIZSA-N
859,WPISVUJMLVVSGN-JSILNRSWSA-N
867,NZNHJGNBLPBNLU-YIKANFTBSA-N
875,YXSQSVWHKZZWDD-GDSLHKPESA-N
881,QZMAEZWZCGBZFK-VPQYALDZSA-N
889,XPZGXZBKRPZWMJ-NSUQAVABSA-N
897,FSLDBYNJYAUPDI-FIWXFAFXSA-N
905,ISTWCKNDZOSMPU-VHPXJMBUSA-N
911,DZVIFFMYEULLBY-NSOPSRGASA-N
919,CMZFNIMQBCBHEX-TXYDQLOPSA-N
925,LEEYYHJQGXOXHR-MYZNJVEUSA-N
933,RCCBGOMNZWYBTJ-UHFFFAOYSA-N
935,XDYGCIOWNPNVIH-ZYJPSCNZSA-N
937,SJBWDSQCMPAGHA-UHFFFAOYSA-N
939,CUANCTHYEDWUMU-KBPBESRZSA-N
941,ISFMXVMWEWLJGJ-UHFFFAOYSA-N
943,CLNILJPYOXIKRO-WPSZSDGUSA-N
945,RTFKMVMUZLBFEW-HEUPFQDZSA-N
947,NGRRXMZEVSBATO-UHFFFAOYSA-N
949,AFHJQYHRLPMKHU-WEZNYRQKSA-N
951,CCNKTMMNRPJQHV-SFHVURJKSA-N
953,DWKUSIQEYCEKNA-PGYZNXCJSA-N
955,RMFZYEBIQCUWPE-UHFFFAOYSA-N
957,YDOTUXAWKBPQJW-NSLWYYNWSA-N
959,XFCLFWWTDWKJAH-UHFFFAOYSA-N
961,HPLALXILNGTIHC-WJKVYVNYSA-N
963,JIEVZPUBUDASNE-UHFFFAOYSA-N
965,VZSGMNVXQXYFPI-UHFFFAOYSA-N
967,PMISPNORJONCHB-DKBZVKCESA-N
969,GJGRGJCMJUMZKN-UHFFFAOYSA-N
971,UETZJEZFLKASPR-UZWIWUQPSA-N
973,MKPZLFSGCUYQEY-IAROGAJJSA-N
975,OESVNVWXOTVKHT-UHFFFAOYSA-N
977,XBLHNZRXAORYAC-ZBKBUWSTSA-N
979,PHPXAJCVSGIDFH-UHFFFAOYSA-N
981,PZYZNVLXKYMURF-UHFFFAOYSA-N
983,CQIUKKVOEOPUDV-IYSWYEEDSA-N
985,ABORWESIKJVKBN-NNTCGQASSA-N
987,MUGQOWYFWURKCM-UHFFFAOYSA-N
989,AVFIYMSJDDGDBQ-UHFFFAOYSA-N
991,UCFGUMMLHWLLKJ-UHFFFAOYSA-N
993,HGCMCLAKARHJBW-OXWOXFIQSA-N
995,FSXIRVCJYLNVMM-UHFFFAOYSA-N
997,FCUGGFFHQXNXJN-NSIIFTAXSA-N
999,YHEIGYJZSXWHJB-MKICQXMISA-N
1001,QXPNJMHRUZCEAP-OVOCMQAOSA-N
1003,CVISOHZWXIVDFN-SYHQWPJTSA-N
1005,OJPOTPLCXUWMGI-KNFYJXGCSA-N
1007,CWCXONZIEDNVKI-UHFFFAOYSA-N
1009,GQCJWFPDXATUKS-UHFFFAOYSA-N
1011,RFUVOURUUJLQSB-QFFMKFBWSA-N
1013,YAPQBXQYLJRXSA-UHFFFAOYSA-N
1015,UUZWMJQAEYBHAO-UHFFFAOYSA-N
1017,OVMFOVNOXASTPA-UHFFFAOYSA-N
1019,ZKIRVBNLJKGIEM-UHFFFAOYSA-N
1021,XIIAYQZJNBULGD-LDHZKLTISA-N
1023,LWCKQMHMTSRRAA-QGQQYVBWSA-N
1027,RGPDIGOSVORSAK-STHHAXOLSA-N
1029,BFCZPWYLRHFBNO-DTJAAUDXSA-N
1031,QHWOFMXDKFORMO-XVNBXDOJSA-N
1033,KSQNKZMAMGACTL-UHFFFAOYSA-N
1035,UPUIQOIQVMNQAP-UHFFFAOYSA-M
1037,OVBBFGXDDIFFMB-SDPNRITHSA-N
1039,ZMCWALAQRPULMT-UHFFFAOYSA-N
1041,FQTIRVOROACNDP-GNAZCLTHSA-O
1043,UWQYBLOHTQWSQD-UHFFFAOYSA-N
1045,FUSHLLXGTXLRMJ-UHFFFAOYSA-N
1047,HRRAIHOSJIFLNS-FXFIXYPNSA-N
1049,OFAYBXSZQCUARK-UHFFFAOYSA-N
1051,CHSDMOZSQFIUGK-SYPGBUITSA-N
1053,LAUJMTGOOIBBOB-UHFFFAOYSA-N
1055,JYJQDEJTMZLRDG-OSPWRJODSA-N
1057,VVLWYFUJJAWYBP-UHFFFAOYSA-N
1059,ODCQAZGUPKQTMK-GRXQUDFFSA-N
1061,UIKROCXWUNQSPJ-VIFPVBQESA-N
1063,AHNUBWYOIHCGFN-UHFFFAOYSA-N
1065,PEERGVFNQUXNQA-UHFFFAOYSA-N
1067,LQMRAHHWCLZHQD-ZHACJKMWSA-N
1069,NHOIBRJOQAYBJT-WILUFPLZSA-N
1071,HJBUYKZTEBZNSH-UZQFATADSA-N
1073,VDZBWCCJLPCEQQ-UHFFFAOYSA-M
1075,PPZVSYXNLXFYAD-UHFFFAOYSA-N
1077,VGSYCWGXBYZLLE-QEEQPWONSA-N
1079,GMWFLRBBLJCJDG-AVJKRUMUSA-N
1081,LTNSOYZGFPWHOF-UHFFFAOYSA-N
1083,UBJVUCKUDDKUJF-UHFFFAOYSA-N
1085,RCOCBDNPQGVEDL-KEBDBYFISA-N
1087,MJMMUATWVTYSFD-YDFGWWAZSA-N
1089,IHXLRPOTFALLKF-UHFFFAOYSA-N
1091,CTJPDNXMUMTMJX-UHFFFAOYSA-N
1093,UTKZLHKWTSXNQI-UHFFFAOYSA-N
1095,QJOZJXNKVMFAET-UHFFFAOYSA-N
1097,MYXNOIIPXWBFFR-UHFFFAOYSA-N
1099,FSTIKTPQGMHLFJ-AIECACTBSA-N
1101,MCAIMPGCWVIODY-PHTUBKJSSA-N
1103,ZTNYRNGTBAGYIZ-VAWYXSNFSA-N
1105,NTOXIMPFEPXTTB-GNXRPPCSSA-N
1107,VOYCJQSSBDMXNQ-YZGKFDMESA-N
1109,VDRDRMCAECTSGB-UHFFFAOYSA-N
1111,PQXBZFLVJGBOAD-VZJVUDMVSA-N
1113,DRSKVOAJKLUMCL-XOTQLGGZSA-N
1115,QJUWGGININGVSC-UHFFFAOYSA-N
1117,LFKOAMYSZTZFIS-JFIZLKPCSA-N
1119,IOMBMOCSWVAYQU-UHFFFAOYSA-N
1121,VURKRJGMSKJIQX-UHFFFAOYSA-N
1123,JYWRCSAWBUAIFO-KRRNMHNDSA-N
1125,WBBCTOKMKWQACG-AUEPDCJTSA-N
1127,GWVCYAYKRPLWGK-AAMZJHKISA-N
1129,QUBRRXBPXPHDJO-UHFFFAOYSA-N
1131,AZFFBGWLLZUTDW-CTASIPILSA-N
1133,AKJIPZYHXYQVJT-UHFFFAOYSA-N
1135,IOSXSVZRTUWBHC-LBTVDEKVSA-N
1137,GLNIOASGXMEGTM-LTPBQMFOSA-N
1139,HRLBXTNYZCUPNV-LMPGLMATSA-N
1141,IADWMRZHOGHTMQ-UHFFFAOYSA-N
1143,CMKFQVZJOWHHDV-QYWJTTNJSA-N
1145,OIXPKFRMEUTHOG-UHFFFAOYSA-N
1147,PWAOOJDMFUQOKB-DQASNDRCSA-N
1149,IIJLVJMZYPZQLW-MZVUKIKXSA-N
1151,ZRZWBWPDBOVIGQ-OEORQBFISA-N
1153,UKLPMOHKLUPGON-JEXZMAAQSA-N
1155,MTCOVRSZCNNQLP-UHFFFAOYSA-N
1157,FCNLMUQPSJEBQE-UHFFFAOYSA-N
1159,OCPITUSJSRGORS-UHFFFAOYSA-N
1161,JZRWCGZRTZMZEH-UHFFFAOYSA-N
1163,AVAQRWVGWWNBIN-CUAUGLLKSA-N
1165,LNHNOBYJWYNHSB-YSURURNPSA-N
1167,APZDDWSEXQOLKA-DHDCSXOGSA-N
1169,RSFFUWNYMOEBFP-RUIYBKDTSA-N
1171,NMZWRJYNVFANDI-XTUJKMMFSA-N
1173,PASZRDILCDRSOZ-UHFFFAOYSA-N
1177,ADVGKWPZRIDURE-UHFFFAOYSA-N
1179,ARRRKSYGKYIGBH-KABRLWMDSA-N
1181,RNCWKUCWPBNWOH-SOFGYWHQSA-N
1183,CLEXYFLHGFJONT-GDMKTYFQSA-N
1185,KJBDTBUYUDRWMT-VDUSSSJLSA-N
1187,AMTSLHRSERHBCF-IBQNZTRDSA-N
1189,JMBKXUYCBVKSSY-OMOCHNIRSA-N
1191,VHVOLFRBFDOUSH-NSCUHMNNSA-N
1193,YWJXCIXBAKGUKZ-HJJNZUOJSA-N
1195,DOUKEKLEUAGITQ-NJHPPEEMSA-N
1197,OTGHTIDLDTWPFJ-ROQUJFDLSA-N
1199,XIYSEKITPHTMJT-UHFFFAOYSA-N
1201,YWASZTJGPFRWMW-BJMVGYQFSA-N
1203,XMBZZLUIFFOAHR-HWKANZROSA-N
1205,RAFGELQLHMBRHD-IFNPSABLSA-N
1207,GJZJZRWFRZFTEE-ARJAWSKDSA-N
1209,OFUTZNNUWRTXHO-RQGSMOOYSA-N
1211,JBNMHJLAARQCFY-KPSZGOFPSA-N
1213,YRRAGUMVDQQZIY-UHFFFAOYSA-N
1215,LJUJJGHPDOTAAY-VSYUZHQVSA-N
1217,XLWWERNKTLITEF-FOUFQHLJSA-N
1219,GYFFKZTYYAFCTR-JUHZACGLSA-N
1221,FTNJWQUOZFUQQJ-NDAWSKJSSA-N
1223,AZKQDXZMKREFDY-LGKDJQOASA-N
1225,PSFMBXYUQFAGAM-QPJJXVBHSA-N
1227,NEGCNVRPGPHOAR-CCLLZULESA-N
1229,INOSMXBKABLUIL-KOOLHJLFSA-N
1231,HILBWEPXZDMOAE-UHFFFAOYSA-N
1233,RGTIBVZDHOMOKC-UHFFFAOYSA-N
1235,PPGUUDJMTMGALC-UHFFFAOYSA-N
1237,BTCICADMSGBCKA-UHFFFAOYSA-N
1239,SEYOLRVULPTURM-IQXADPPTSA-N
1241,LKVIDBLGZHMPCV-HLAATANNSA-N
1243,FQWLMRXWKZGLFI-PAKBJIOWSA-N
1245,SPBDXSGPUHCETR-JFUDTMANSA-N
1247,FLEXCYTURSFUNC-UHFFFAOYSA-N
1249,PNYQFRZBMVRYFC-CGWYSGAGSA-N
1251,DQNIDSLDXGTEPL-UHFFFAOYSA-N
1253,QYSIAYFWYFMESL-UHFFFAOYSA-N
1255,FISIJWVRKFHLSM-UHFFFAOYSA-N
1257,CBSOFSBFHDQRLV-UHFFFAOYSA-N
1259,JSQKCXPOJUGOCX-LWZURRPWSA-N
1261,PDYBUYVOPAJLKP-UHFFFAOYSA-M
1263,MHOOPNKRBMHHEC-HZIBQTDNSA-N
1265,JECOCDKQCZSANH-RFKAOMIISA-N
1267,AVIRMQMUBGNCKS-GQCTYLIASA-N
1269,WVMBPWMAQDVZCM-UHFFFAOYSA-N
1271,VMCFTVWDHVWSOB-GXDHUFHOSA-N
1273,KRXLVSZOLMEYHF-RIKZZRQGSA-N
1275,MUQNMJSHMPEZCV-JHCRVGSQSA-O
1277,YKJYKKNCCRKFSL-BFHYXJOUSA-N
1279,MUBLYIKZGKHTMF-UHFFFAOYSA-N
1289,HMGCTPMQYVGXSC-SNAWJCMRSA-N
1291,KFNWMXLJLRPJCL-MDWZMJQESA-N
1293,NOHXYGXFTACADH-JHLBFKOCSA-N
1295,XMJAJFVLHDIEHF-CRBRZBHVSA-N
1299,VYQXIUVIYICVCM-UHFFFAOYSA-N
1301,PENSQRMNZZWMGV-UHFFFAOYSA-N
1303,VYHHSBHXZVSILO-UHFFFAOYSA-N
1305,ZVIWXYIZIRJDPV-LOOBPLDSSA-N
1307,HBMCQTHGYMTCOF-UHFFFAOYSA-N
1309,XYPPDQHBNJURHU-RHFXQVJCSA-N
1311,LEXDMFDDGUTINX-UHFFFAOYSA-N
1313,ZLACPIJRVKLLJM-UHFFFAOYSA-N
1315,MOLWVPJZUNCMGV-UHFFFAOYSA-N
1317,NSIUWPVISVFSGF-UHFFFAOYSA-N
1319,NSYSSMYQPLSPOD-UHFFFAOYSA-N
1321,ZDSBUUDXDQSCSK-DEDYPNTBSA-N
1323,JVUYBLROBHJEJN-NEPJUHHUSA-N
1325,TVHDZSRRHQKNEZ-UHFFFAOYSA-N
1327,ZVYMCLIDNNTNCL-GFRRLMGDSA-N
1329,RHOQRBVFJSAQTR-UHFFFAOYSA-N
1331,FBRKYRSUSJWLHH-UHFFFAOYSA-N
1333,LNFRDRVVARCALE-UHFFFAOYSA-N
1335,ADPBTBPPIIKLEH-UHFFFAOYSA-N
1337,JHEWMLHQNRHTQX-UHFFFAOYSA-N
1339,CNIWQELMLPUFOS-NVSXQWMQSA-N
1341,XKWWCTISHMFHJB-UHFFFAOYSA-N
1343,SWZMSZQQJRKFBP-WZRBSPASSA-N
1345,RRZXIRBKKLTSOM-XPNPUAGNSA-N
1347,XUCIJNAGGSZNQT-KDDLJKRCSA-N
1349,NFINSJKQOBJWEB-WAQLSPKVSA-N
1351,NNWMHSNRRWMMBI-CTLQTXLOSA-N
1353,LFXMHSJWYXKODM-UHFFFAOYSA-N
1355,XJMPAUZQVRGFRE-UHFFFAOYSA-N
1357,ATNAJMVRCNQHAG-AAXSTCLUSA-N
1359,ZKFPZHCUDJBDJO-UHFFFAOYSA-N
1361,LEXLFIULVWKBPT-FXLGSDSZSA-N
1363,ORXMVTNKIKCWMQ-JBAQQFLCSA-N
1365,QVSFEOQJKPOOHP-UHFFFAOYSA-N
1367,XKXZAYIPFRBKHT-UHFFFAOYSA-N
1369,CAHQQYHQUHYOGU-GBLFQTLVSA-N
1371,YVOIYLIDBGUQGX-UHFFFAOYSA-N
1373,RCKDDMWGRIYLCN-WRHFRISWSA-N
1375,JSXYBZIRJXMIMK-UHFFFAOYSA-N
1377,LSGOTAXPWMCUCK-UHFFFAOYSA-N
1379,MKSVFGKWZLUTTO-FZFAUISWSA-N
1383,VCNDHJFYRZQMHX-KPKJPENVSA-N
1385,UXDPXZQHTDAXOZ-CYCMICDFSA-N
1387,LZRMGGWCVAVBJA-UHFFFAOYSA-N
1389,AXOJRQLKMVSHHZ-UHFFFAOYSA-N
1391,PUETUDUXMCLALY-UHFFFAOYSA-N
1393,KEQHJBNSCLWCAE-UHFFFAOYSA-N
1395,OJOBTAOGJIWAGB-UHFFFAOYSA-N
1397,MJPYNCPSXRTGEE-QPJJXVBHSA-N
1399,LWUQVHKGVXRUPD-UHFFFAOYSA-N
1401,LCTORFDMHNKUSG-XTTLPDOESA-N
1403,KDWWYRPEBULRGU-KIZWGXMFSA-N
1405,QPNFBUARICHXGG-QPJJXVBHSA-N
1407,QERAXRDNYJPTRN-UHFFFAOYSA-N
1409,CHQMIQBQLGDCJJ-AAGTZVQDSA-N
1411,HFMDLUQUEXNBOP-UHFFFAOYSA-N
1413,DHHMFNAGLVIOCZ-LVPKXVBFSA-N
1415,VFLDPWHFBUODDF-FCXRPNKRSA-N
1417,IHLWXZNPOVMUFQ-UHFFFAOYSA-N
1419,SSFXFPCIUUFGJD-UHFFFAOYSA-N
1421,MLSVKXQHUTYXHD-VIZOYTHASA-N
1423,TZPGGHIYBMWPBI-UHFFFAOYSA-N
1425,QOMBXPYXWGTFNR-JBZRFGBVSA-N
1427,OLARKEMZPWGFJU-UHFFFAOYSA-N
1429,LZAZGDZVFQSCFO-UHFFFAOYSA-N
1431,SCUSKAVTYFDOEU-YLHHEPAUSA-N
1433,VLSMHEGGTFMBBZ-OOZYFLPDSA-N
1435,TXZUPPVCNIMVHW-AJMZACEDSA-N
1437,SWRXIGFQDQTNKP-UHFFFAOYSA-N
1439,FEIQOMCWGDNMHM-KBXRYBNXSA-N
1441,DIAOGWYBBJCPAD-UHFFFAOYSA-N
1443,FFXYBQSGDXRLHS-UHFFFAOYSA-N
1445,NLBYRERHXBTBBR-UHFFFAOYSA-N
1447,OWCRARVHWCCRAG-UHFFFAOYSA-N
1449,DYDCUQKUCUHJBH-UWTATZPHSA-N
1451,PMATZTZNYRCHOR-KMSBSJHKSA-N
1453,ZRJBHWIHUMBLCN-UHFFFAOYSA-N
1455,VATYWOIGKMMCMM-QHQUPYHQSA-N
1457,IQAMTZLKUHMPPE-UHFFFAOYSA-N
1459,MDKCFLQDBWCQCV-UHFFFAOYSA-N
1461,TYXFVKGQQWDJKA-YFXVJPQZSA-N
1463,UBAXRAHSPKWNCX-UHFFFAOYSA-N
1465,KNHGVVIGMKZOJB-UHFFFAOYSA-N
1467,DIPALNDKWHCLEA-UHFFFAOYSA-N
1469,ZWTDABBYXDAIOL-UHFFFAOYSA-N
1471,ZRZQXSGEIJXJEO-RBBKRZOGSA-N
1473,QOIHIEPXTNMSSM-WMZJFQQLSA-N
1475,WAPMVTHIMHEOAB-UHFFFAOYSA-N
1477,RCINICONZNJXQF-MZXODVADSA-N
1479,IDPRQTHSAHGSDW-BTOUMFIXSA-N
1481,QUKCKUMUBOPETR-AHRVIBDXSA-N
1482,FKMASXTUONWHBB-UHFFFAOYSA-N
1484,AYPVXVNRUYEYPR-WNWAKERUSA-N
1486,JMCVYQUHLKARLD-UHFFFAOYSA-N
1488,CSVOJBHLRRLOJX-UZSHRYPHSA-N
1490,DLZMKPZOEYKXHQ-MQCRQNCBSA-N
1492,ZDJWTWORZULMCQ-UHFFFAOYSA-N
1494,MACFXELYCBWKGT-VFTFQOQOSA-N
1496,XIHUXEHAQPSMTF-SIMDOIPESA-N
1498,WTDRDQBEARUVNC-LURJTMIESA-N
1500,OFPMGMVAOWDSRN-VNEUDPKJSA-N
1502,ZYVSOIYQKUDENJ-YVQLHGKOSA-N
1504,STYCQQCWPHBTIH-UHFFFAOYSA-N
1506,MPMJLHQXZNLSCP-SDNWHVSQSA-N
1508,CEMXHAPUFJOOSV-UHFFFAOYSA-N
1510,KHGBORGCCDJDRD-RLFHBHCYSA-N
1512,OZESVNMBZAEFCX-BQYQJAHWSA-N
1514,AQZHBCDRWFMXIN-UHFFFAOYSA-N
1516,XJTXBUKLGQCZHC-XFQAVAEZSA-N
1518,OPAWQGXUUDQIPB-SFNIKPSXSA-N
1520,DFPAKSUCGFBDDF-UHFFFAOYSA-N
1522,RCFGIEPQSDGMJJ-UHFFFAOYSA-N
1524,DVLLGHPCJPEUHA-UHFFFAOYSA-N
1526,XUWSHXDEJOOIND-MEVVXUJLSA-N
1528,NEIIKBWBBCJSQU-JNTDTDGQSA-N
1530,OGCGLORCFYTCJG-SBRVMSJJSA-N
1532,JGXZVDAPLSTBGZ-UHFFFAOYSA-N
1534,LFYJSSARVMHQJB-QIXNEVBVSA-N
1536,PDAYUJSOJIMKIS-SNAWJCMRSA-N
1538,BJNLLBUOHPVGFT-QRZIFLFXSA-N
1540,ZIAXNZCTODBCKW-WCIBSUBMSA-N
1542,WDMQLCVSWBENIY-QZTRPTDZSA-N
1544,HQKAYCHMYMSSEQ-AUWJEWJLSA-N
1546,DRLFMBDRBRZALE-UHFFFAOYSA-N
1548,HARGZZNYNSYSGJ-UHFFFAOYSA-N
1550,ONMLNUSSUHTGJO-UHFFFAOYSA-N
1552,UDSPVVBVMAWQTL-ZPEFJKHXSA-N
1554,RETJNOLVDRGHMX-TXUSJQNKSA-N
1556,FDLLEBFMOIHMNM-UHFFFAOYSA-N
1558,GFFGJBXGBJISGV-UHFFFAOYSA-N
1560,CIWBSHSKHKDKBQ-JLAZNSOCSA-N
1562,QUVRUINWOFZNJL-QNMVXEMISA-N
1564,YKXBRUJZXGRVCQ-SJYGTEHGSA-N
1566,ZHVLPKFAODFQST-BMVMOQKNSA-N
1568,MFIXKYXSBNIMPX-PMLYRHIJSA-N
1570,YMFLMFCNFNRUFO-MGDWAEGFSA-N
1572,GAIVGINVGXHEIA-ZAAJWPAISA-N
1574,XLOPRKKSAJMMEW-UHFFFAOYSA-N
1576,LJSWMDKKEBOERP-LBPRGKRZSA-N
1578,IOZVKDXPBWBUKY-LQIBPGRFSA-N
1580,KLPWVMFJDOIILT-UHFFFAOYSA-N
1582,IXFPJGBNCFXKPI-YBFXNURJSA-N
1584,SLYDIPAXCVVRNY-BBJHAQHQSA-N
1586,TXPRZPDVUZCNLB-YECGNMMBSA-N
1588,PKTVMNKLPFVXBH-UHFFFAOYSA-N
1590,BWSQDEWKZUMVIG-ACCUITESSA-N
1592,AZEASYGWRLHADI-UHFFFAOYSA-N
1594,QOLJILMTPKQQQA-KWEBYEANSA-N
1596,GBKCPBPYMRGRKL-UHFFFAOYSA-N
1598,SSQAXSNCMRBPGJ-UHFFFAOYSA-N
1600,JGQBYBXYRUCBQY-UHFFFAOYSA-N
1602,ZQHJXKYYELWEOK-RNHVSHAASA-N
1604,YPHMISFOHDHNIV-UHFFFAOYSA-N
1606,ZJVAFHQPKMPTIF-DFHFZADESA-N
1608,PETSAYFQSGAEQY-UHFFFAOYSA-N
1610,IAKHMKGGTNLKSZ-INIZCTEOSA-N
1612,GLXYKTASIIUSRC-UHFFFAOYSA-N
1614,JKTSDLANZJEZMK-UHFFFAOYSA-N
1616,QKDHVEHKHGYWMD-UHFFFAOYSA-N
1618,FOAPBJMMOXYHAN-UHFFFAOYSA-N
1622,OUYDFTJZSVOQJE-QQXREOSWSA-N
1624,QXAYVHFIMKYRKA-UHFFFAOYSA-N
1626,MKVDFFROCUECAJ-CKDSBIORSA-M
1628,WPPYDDRXZLFEFL-VOTSOKGWSA-N
1630,GTZCVFVGUGFEME-IWQZZHSRSA-N
1632,QHMBSVQNZZTUGM-MSOLQXFVSA-N
1634,GIWAJLOUUBQKKA-UHFFFAOYSA-N
1636,RXRSNDCGNOOFLH-VZNNHAMSSA-N
1638,QBKSWRVVCFFDOT-UHFFFAOYSA-N
1640,RLYPFWBODVDUHT-UHFFFAOYSA-N
1642,NUXKLJINNAOFAH-GLKIMFHVSA-N
1644,KHWKLNXMSVVKCH-UHFFFAOYSA-N
1646,ORMBYUPZHHWUEM-UHFFFAOYSA-N
1648,RGSHXVKKSKRNJG-PZFYVFTCSA-N
1650,MEYZYGMYMLNUHJ-WYMLVPIESA-N
1652,TWDKEWYUAIMHMA-UHFFFAOYSA-N
1654,JGUYJMIAKPTIAH-CPYUNXKESA-N
1658,DFQUSLQYURJBIT-MFKXNLKNSA-N
1660,UTGBBPSEQPITLF-IXRUDUFRSA-N
1662,WEJZLJFKUYPPDV-UHFFFAOYSA-N
1664,UJQXYSRVSXKEES-YIERNNEGSA-N
1666,DEJPAJWPCTUPPL-YPMHNXCESA-N
1668,QUCGBWQRLWOVBR-BBJJSLPGSA-N
1670,WCAMADNGWUBZMH-ZBVBGGFBSA-N
1672,JUXUXBIHGDQKND-UHFFFAOYSA-N
1674,CDYGRHOHQUXDMN-UHFFFAOYSA-N
1676,MPAKYMOQGZITTQ-UHFFFAOYSA-N
1678,UNORIIWPFZFSEC-UHFFFAOYSA-N
1680,YCGPBVPZHGYLBK-HYMQDMCPSA-N
1682,LBZMXGLPRHGPRE-UHFFFAOYSA-N
1684,PEEGIHKIWQFTKW-PWEDHXQCSA-N
1686,VABYUUZNAVQNPG-BQYQJAHWSA-N
1688,WZNJWVWKTVETCG-UHFFFAOYSA-N
1690,ZSKDVJYWOHBGNI-UHFFFAOYSA-N
1692,BQRISQXLSXCXSC-UHFFFAOYSA-N
1694,GAEHQHKGPCGEPQ-MNCNJHOVSA-N
1696,NKNHYXCDCIOHRT-CWAIYLBLSA-N
1698,JYVXNLLUYHCIIH-UHFFFAOYSA-N
1700,PCASZNXKLGTEGB-MDWZMJQESA-N
1702,YBJHBAHKTGYVGT-ZKWXMUAHSA-N
1704,FDYFHDKFDSGDKM-UHFFFAOYSA-N
1706,OOEOVXMORBPOKC-LNBSYBDWSA-N
1708,BRQQPHKRRCUYLA-UHFFFAOYSA-N
1710,KFJNVVJUICKJEQ-LQDZTQBFSA-N
1712,WJMFXQBNYLYADA-UHFFFAOYSA-N
1714,ZMOXNUGOJSHBRR-VOTSOKGWSA-N
1716,FBFMBWCLBGQEBU-IDIAXEKKSA-N
1718,PSFDQSOCUJVVGF-UHFFFAOYSA-N
1720,CFAJIMXUZRPYDP-GHCUZIKHSA-N
1722,OPAORDVBZRVVNQ-LCYFTJDESA-N
1724,DJDRQIXLFYUYAA-UHFFFAOYSA-N
1726,VVWSVSOPOPDXMM-VXHRKZPFSA-N
1728,LUNCZNVVYHFMOQ-ZCHNZJOUSA-N
1730,UQCSETXJXJTMKO-HLRZJIOYSA-N
1732,SXOVHHHRXOYVGV-UHFFFAOYSA-N
1734,IRBLIRNSGBXQFB-HJOPEMAASA-N
1736,NZNSOPHQRHNYSM-ZHACJKMWSA-N
1738,PGOMXBOHQUBUMI-YHYXMXQVSA-N
1740,YIWJEBPTHXRHQF-LLMLIWGDSA-N
1742,XWOZTQQJYJMHSX-DHZHZOJOSA-N
1744,DGBNCMKQNOJCFB-UHFFFAOYSA-N
1746,VWHCJIZYMBSOMV-OROXWWDISA-N
1748,DKYFESWWIPJYTA-DVQDXYAYSA-N
1750,BNOWPELKBYSHKU-GFZHNTIHSA-N
1752,GRZRQKSQIMICPO-RSCYJRMKSA-N
1754,CBJNLOVRAFQEQH-VUIINJGZSA-N
1756,IVYXJYNRIKSGRV-UHFFFAOYSA-N
1758,ULZFTGWWPHYLGI-UHFFFAOYSA-N
1760,MGSRCZKZVOBKFT-UHFFFAOYSA-N
1762,VOCJFEUCJDTXSA-UHFFFAOYSA-N
1764,OXNYNKGAOAFFBD-AHZIVMAWSA-N
1766,IPWPEUJWMOPJDG-MOPGFXCFSA-N
1768,LISLGICORSJAKO-UHFFFAOYSA-N
1770,POOKHYNGUAZJAE-ZTHROODHSA-N
1772,KLKLIUIRQAMTAJ-UHFFFAOYSA-N
1774,IHGAMZBDEOTTEW-UHFFFAOYSA-N
1776,PCLOCELNWLWLIJ-GEVOZVPXSA-N
1778,WJPRKOJNQIZCGY-OZOLURDPSA-N
1780,KJVWRZGLXRPUHV-FSBSVGJXSA-N
1782,QXRDTLAXUJONPD-QPJJXVBHSA-N
1784,GXJSAHXNLJFDPO-CGBXWHSCSA-N
1786,QMYWKFZKRYCUMA-UHFFFAOYSA-N
1788,MPOXQBRZHHNMER-RVZXZRSKSA-N
1790,XIWMRKFKSRYSIJ-GYKMGIIDSA-N
1792,IVOBIIPKUUYUPR-UHFFFAOYSA-N
1794,BIHIEAXOTSXYAE-NAGHFMSUSA-N
1796,GYPNBQUSNIBSGD-DUDHYVAZSA-M
1798,NWQISSNHRDDWRM-UHFFFAOYSA-N
1800,DSCFFEYYQKSRSV-UHFFFAOYSA-N
1802,RHGKLRLOHDJJDR-BYPYZUCNSA-N
1804,KNGBXFMEGLRFHV-PRKJJMSOSA-N
1806,DKHGMERMDICWDU-GHDNBGIDSA-N
1808,CKZNKYSWWCSICZ-GTJIABFSSA-N
1810,OZDABLANSWPSGY-UHFFFAOYSA-N
1812,IXRKDGGGFFCRIR-UHFFFAOYSA-N
1814,PAUOGYOKNANFIB-IRXKVGRSSA-N
1816,XZFSMUXVAYCHFO-QREHLELFSA-N
1818,KNEQPJSDSYNUHP-SOFGYWHQSA-N
1820,SIOXYUXOHTZOOM-FOCBMKBOSA-N
1822,HDDNZVWBRRAOGK-QVANJIRPSA-N
1824,KSQDOQZKXFUZMV-NWRWIZDFSA-N
1826,GFFOBQNFESRPJR-JKHMXVTDSA-N
1830,AJAGLPDYKVWJQE-SQGFOMTPSA-N
1832,ZROGCCBNZBKLEL-MPRHSVQHSA-N
1834,VBFIGWHJNDFEIS-UHFFFAOYSA-N
1836,OKBWVJGQTFYYQA-UHFFFAOYSA-N
1838,QGQSOVLOEOVNRW-KSHKLCIXSA-N
1840,ZJOJKSKTNZMQCX-BRPHUSHRSA-N
1842,UDVTWMLZUGXNQM-UHFFFAOYSA-N
1844,JQCBBCVOQHOGTI-HROOPKDASA-N
1846,CEERFMUHIRRAPN-UHFFFAOYSA-N
1848,SYGQXRLXOOXDRP-UHFFFAOYSA-N
1850,XWFQRXGYJJOFCO-UHFFFAOYSA-N
1852,LJNNQVFOVQWDMN-UHFFFAOYSA-N
1854,IAYQFYAFBVYKJZ-DGEPIGJSSA-N
1858,JOZKFWLRHCDGJA-UHFFFAOYSA-N
1860,YKAQENKKQWMYFZ-SLELSECNSA-N
1862,VKJGBAJNNALVAV-UHFFFAOYSA-M
1864,MHJLKHNHGMUAPQ-UHFFFAOYSA-N
1866,OWRMMXDXVOHFNG-LLJXEUITSA-N
1868,IWDKJDOUWOTZPS-PXNMLYILSA-N
1870,ATUHGDXZHWBGHX-SXFANQPWSA-N
1872,ZFDAUYPBCXMSBF-UHFFFAOYSA-N
1874,WBLZUCOIBUDNBV-UHFFFAOYSA-N
1876,VOXXWSYKYCBWHO-UHFFFAOYSA-N
1878,VJOIIYDQDMELSU-OVCLIPMQSA-N
1880,NWNMAVFXIRDAPM-BTFXEFBNSA-N
1882,IMAGWKUTFZRWSB-HWKANZROSA-N
1884,PYVBFDCHJDMSMM-MFUUIURDSA-N
1886,JMQMNWIBUCGUDO-WHFBIAKZSA-N
1888,YBNXVKHEQXZPFB-XMMWENQYSA-M
1890,QNSISMOIISIICW-URUDKTPYSA-N
1892,BYWWNDLILWPPJP-REXWONOSSA-N
1894,CIEYTVIYYGTCCI-UHFFFAOYSA-N
1896,IYFMBSVAOKIIHT-FENIPWANSA-N
1898,MXXWOMGUGJBKIW-YPCIICBESA-N
1900,LFRFNLMDZHTVHB-UHFFFAOYSA-N
1902,JXOHGGNKMLTUBP-HSUXUTPPSA-N
1904,GZSQKOFXMZDKPV-DERWZFJFSA-N
1906,HXCUIEYBVCYJPX-UHFFFAOYSA-N
1908,QLJODMDSTUBWDW-UHFFFAOYSA-N
1910,QANMHLXAZMSUEX-UHFFFAOYSA-N
1912,WKRLQDKEXYKHJB-HFTRVMKXSA-N
1914,FBZONXHGGPHHIY-UHFFFAOYSA-N
1916,FXOBIDROVMXPBW-UHFFFAOYSA-N
1918,TZOHVRDKXUMVIU-UHFFFAOYSA-N
1920,AGNGYMCLFWQVGX-PEQLYWQKSA-N
1922,JNELTBHOLOQEJH-LPULDKDHSA-N
1924,WTQWDNIIFGEBSZ-ROAVRGLVSA-N
1926,SMEROWZSTRWXGI-HVATVPOCSA-N
1928,KPWKPGFLZGMMFX-UHFFFAOYSA-N
1930,KRRMMMSUTGHBPX-FGYXROSISA-N
1932,PXQPEWDEAKTCGB-UHFFFAOYSA-N
1934,FSBIGDSBMBYOPN-VKHMYHEASA-N
1936,YBDIZQWDBBOOFB-GOTSBHOMSA-N
1938,REJLGAUYTKNVJM-SGXCCWNXSA-N
1940,MPAYQRIVOSEDQH-WEVVVXLNSA-N
1942,SXWOFRLEPIYRBS-GWDZWKDSSA-N
1944,QUSMURJIBTWAOP-WUXMJOGZSA-N
1946,XQIGVMVJGPFNDE-UHFFFAOYSA-N
1948,AHYOMNWKYGMYMB-CIEFDVMPSA-N
1950,TUUBGLDJKKCMRH-NNNVMGKSSA-N
1952,RTNGMIUMJUOABT-ONKYJICLSA-N
1954,TXIKNNOOLCGADE-UHFFFAOYSA-N
1956,DATAGRPVKZEWHA-YFKPBYRVSA-N
1958,OMZRMXULWNMRAE-BMRADRMJSA-N
1960,PUFYSEQCTZERQM-UHFFFAOYSA-N
1962,NRQCIBSGSINRCF-KNTRCKAVSA-N
1964,DVWKMCPPEMUHBE-RAGYRXETSA-N
1966,YOELDOOOBJSHSZ-SRFZOMHBSA-N
1968,YLIUZRWENFNXMA-UHFFFAOYSA-N
1970,FYVKHLSOIIPVEH-RVDMUPIBSA-N
1972,HLUCICHZHWJHLL-UHFFFAOYSA-N
1974,KIWTVJVARRPBPR-UHFFFAOYSA-N
1976,JJKCJXIYVNHIOS-UHFFFAOYSA-N
1978,JTHHOHSDOJJNFN-ZXSHYABSSA-N
1980,GQKXCBCSVYJUMI-RCGCBBHSSA-N
1982,VUGMGEQWBOCMAV-QLEKUEJFSA-N
1984,AROQRNPRGIWLRE-CGJKORLASA-N
1986,WBEFPLHFVLPKHQ-UHFFFAOYSA-N
1988,XWHQCPICYIBGNB-XLLMKQGQSA-N
1990,CMIGVNMYXBHBKY-UHFFFAOYSA-N
1992,JNKVBUQSDAHKDQ-VQHVLOKHSA-N
1994,PNFIGXHZFOIEAJ-DMWKKASYSA-N
1996,IEBFEMIXXHIISM-RJSCAXEBSA-N
1998,VUHCEJPYCQSKEW-UUILKARUSA-N
2000,ZDXPYRJPNDTMRX-VKHMYHEASA-N
2002,HSPFMJHHANCXBY-UHFFFAOYSA-N
2004,QYINOGPWFQBOJX-MDZDMXLPSA-N
2006,LJONQULKOKMKBR-UHFFFAOYSA-N
2008,LIFSGPPJRHEFEY-DJKKODMXSA-N
2010,XPUOZJJNPJXFTD-UHFFFAOYSA-N
2012,KIDYUEHQXIEBGK-UHFFFAOYSA-N
2014,HYXITZLLTYIPOF-UHFFFAOYSA-N
2016,NWBWCXBPKTTZNQ-BAERZWJTSA-N
2018,XGQQRJZRTBKBRM-APTQHQDLSA-N
2020,ZRWPUFFVAOMMNM-UHFFFAOYSA-N
2022,JAFYVMQCMOZABG-TVKJYDDYSA-N
2024,XMGQYMWWDOXHJM-JTQLQIEISA-N
2026,MVWXLRYZCZSBKW-OQLLNIDSSA-N
2028,ALJXWCROGAMOBL-PMFZVJTOSA-N
2030,QWCNQXNAFCBLLV-RCQSYPNMSA-N
2032,KPXIBWGPZSPABK-FXAWDEMLSA-N
2034,JMIAZDVHNCCPDM-UHFFFAOYSA-N
2036,FTTQBBNJVTYJPS-AATRIKPKSA-N
2038,JBFBTBFJYNNYPW-ZXWRBSQSSA-N
2040,LEEDEKWKJVUWGA-AVFOEOQDSA-N
2042,WJHQHAFOOMOTBJ-MSHADUKESA-N
2044,NDSUKTASTPEKBX-LXXMDOISSA-N
2046,YLXIPWWIOISBDD-NDAAPVSOSA-N
2048,NIXDINZDFZJZHG-LUAWRHEFSA-N
2050,JAAFNWYGLROOGI-UHFFFAOYSA-N
2052,VEDWXCWBMDQNCV-UHFFFAOYSA-N
2054,GNJUNLNJRMFETA-AGJGHFFWSA-N
2056,HGVAHYJMDVROLE-UHFFFAOYSA-N
2060,KVQVEJPIQHNLTM-UHFFFAOYSA-N
2062,COHYTHOBJLSHDF-BUHFOSPRSA-N
2064,GHKISGDRQRSCII-ZOCIIQOWSA-N
2066,PKKTXAMCHLIVDS-UHFFFAOYSA-N
2068,IWIANZLCJVYEFX-UHFFFAOYSA-N
2070,RHBGITBPARBDPH-UHFFFAOYSA-N
2072,GUVJPXABQYFWPD-GSZDNMEJSA-N
2074,QYCCCSUFDHWKRW-KSHKLCIXSA-N
2076,GTDIWCITYRGAKM-OBRHJWQCSA-N
2078,DJWYOLJPSHDSAL-UHFFFAOYSA-N
2080,QIOMMMCQFIBVKA-PPQBIMEKSA-N
2082,YTLMIHBTPWTPEV-UHFFFAOYSA-N
2084,WYZWZEOGROVVHK-RPJJWQTDSA-N
2086,LOFYFDPXORJJEE-UHFFFAOYSA-N
2088,JMRJLJOBHHWYIV-UHFFFAOYSA-N
2090,FAMPSKZZVDUYOS-HRGUGZIWSA-N
2092,CJFSVYYGNWQUMQ-DBWNCVFDSA-N
2094,KHQMXKRETWUVJU-XCXJUXRBSA-N
2096,ZVLQJRXSGVAHOI-UHFFFAOYSA-N
2098,CAQZFLPWHBKTTR-WNISUXOKSA-N
2100,NDJDZINMNBVVHS-QWPOMPHKSA-N
2102,KTBAIBUBSGVINZ-UHFFFAOYSA-N
2104,RBQOQRRFDPXAGN-UHFFFAOYSA-N
2106,ABTNALLHJFCFRZ-UHFFFAOYSA-N
2108,KQNZDYYTLMIZCT-SWGFJCPHSA-N
2110,ISHUKYBHEZATMQ-UHFFFAOYSA-N
2112,URTXXFGOVQACIC-UHFFFAOYSA-N
2114,ISQUNAAALVXWGI-PGEVILJJSA-N
2116,NQIZIOGKLJAGSU-UHFFFAOYSA-N
2118,RPIVIODUUUOQDD-UHFFFAOYSA-N
2120,CNQCBOHTKBVCFM-WXUKJITCSA-N
2122,PKAIECBWQZFYRP-SOFGYWHQSA-N
2124,ZCKITOSCNKNMMO-YQHZJLNZSA-N
2126,FNIRVWPHRMMRQI-JLFYWXTPSA-N
2128,UDHCHDJLZGYDDM-QPJJXVBHSA-N
2130,KANPTSQTXUUWJP-WZXLXTKGSA-N
2132,JDIDEXHTJXTVES-HYXAFXHYSA-N
2134,JXXCENBLGFBQJM-UHFFFAOYSA-N
2136,IOYVXXQKVQKQIG-ZJPTYJIISA-N
2138,NEGUETFUNNRWTL-SAWIYXBXSA-N
2140,JYWSARFDLXXOHT-UHFFFAOYSA-N
2142,JATLKGIQGCADFB-ABROWSKNSA-N
2144,SVGOJJZXRJJDLY-UHFFFAOYSA-N
2146,OVBAGMZLGLXSBN-UOVKNHIHSA-N
2148,DOTYYDUNWITJSJ-SYMHJQAPSA-O
2150,PVHUKALHRBPQNM-BSWSSELBSA-N
2152,GNMYZMZOACOUID-ZZQZINJVSA-N
2154,FPWYMVMNRFRHQC-BVWWHRDXSA-N
2156,LEVWYRKDKASIDU-UHFFFAOYSA-N
2158,FIOZUJXSEZUYCS-MTSAZYMTSA-N
2160,LBBJNGFCXDOYMQ-UHFFFAOYSA-N
2162,OPUFDNZTKHPZHM-UHFFFAOYSA-N
2164,DGXLEDCXMIJNPJ-UHFFFAOYSA-N
2166,DXBGTODWNFZHCD-LMXXTMHSSA-N
2168,YPZYGIQXBGHDBH-WKWCOTLASA-M
2170,NONWRJXAJGEWOR-GMTLTCSKSA-N
2172,ITATYELQCJRCCK-UHFFFAOYSA-N
2174,DDRJAANPRJIHGJ-UHFFFAOYSA-N
2176,DPNGWXJMIILTBS-UHFFFAOYSA-N
2178,YOTVUKXKJYRTAR-NAJYVHOLSA-N
2180,XXWCODXIQWIHQN-UHFFFAOYSA-N
2182,CQOVPNPJLQNMDC-ZETCQYMHSA-N
2184,NXCYBYJXCJWMRY-VGBBEZPXSA-N
2186,UZIIHSGPIUZAET-UHFFFAOYSA-N
2188,FMOKUKPRJSMPOI-UHFFFAOYSA-N
2190,XYUFCXJZFZPEJD-XMSQKQJNSA-N
2192,RWCVSDKDFSVZNF-KRYGIPSASA-N
2194,VXOZCESVZIRHCJ-LNSUSAKYSA-N
2196,DUMQPTRUYCCSEZ-UHFFFAOYSA-N
2198,PGERTGWKXFAEFR-UHFFFAOYSA-N
2200,OVMSOCFBDVBLFW-ZZMVMVDNSA-N
2202,AIFXMSDWXBFQTF-SNXGECCISA-N
2204,IKMYHRZEPWIULH-JJPXTECOSA-N
2206,QORVDGQLPPAFRS-UHFFFAOYSA-N
2208,QWYNXLBAFAPSKQ-UHFFFAOYSA-N
2210,MBZKDBQDALOSRP-UHFFFAOYSA-N
2212,MTXSIJUGVMTTMU-UHFFFAOYSA-N
2214,XQJFWXFZEDKVQR-UHFFFAOYSA-N
2216,GZLIPAFSJXROEC-UHFFFAOYSA-N
2218,PPZMYIBUHIPZOS-UHFFFAOYSA-N
2220,ARNBRPDSKOETGW-BWRWHWAYSA-N
2222,NZNSTOHSZZLSNP-UHFFFAOYSA-N
2224,WLSOGIGMSWCVID-UHFFFAOYSA-N
2226,CFJLERBDXYGARW-TVKJYDDYSA-N
2228,SNMGCHVOXFNCCF-UHFFFAOYSA-N
2230,CVXGFPPAIUELDV-UHFFFAOYSA-N
2232,ZIHHMGTYZOSFRC-CXGXMSGESA-L
2234,MYCAPWDAUWJBMG-QNTSJOMKSA-N
2236,HIFLEGNWVFLGLY-UHFFFAOYSA-N
2238,FNQFNSGVMLMZNV-UHFFFAOYSA-N
2240,HZOTZTANVBDFOF-PBCQUBLHSA-N
2242,SPWSUFUPTSJWNG-LIMLNZRCSA-N
2244,XLGJBANZFAQPOK-UHFFFAOYSA-N
2246,SQSDBXYJKLVZJR-UHFFFAOYSA-N
2248,LUZUAYAKZLCOCQ-BHHNFLQBSA-N
2252,BGUYVWYUIXKRDO-XYOKQWHBSA-N
2254,AIFRHYZBTHREPW-UHFFFAOYSA-N
2256,AWTYKUNFPBFFHC-UHFFFAOYSA-N
2258,GRBXNADBNJGZRK-GJEDHNSHSA-N
2260,ZISPNNMNSQFMCA-KCRSBVRCSA-N
2262,RPWKGRUCXRZSSG-HGHIBLDCSA-N
2264,FWKQNCXZGNBPFD-UHFFFAOYSA-N
2266,GPLGAQQQNWMVMM-MYAJQUOBSA-N
2268,NLZZWSRYPUGPEO-QUYVSBDASA-N
2270,ROWKODQLOIEBHL-MXHWVDEXSA-N
2272,RBCXKPQLDXSOQW-JTOHOHOHSA-N
2274,NNPPLRJHBQPBAQ-UKRBZAIKSA-N
2276,YGBZFOQXPOGACY-RIYZIHGNSA-N
2278,IWRPVTXREVYBHT-QHXXRISESA-N
2280,GVKKJJOMQCNPGB-JTQLQIEISA-N
2282,YOSIWGSGLDDTHJ-WUMBVMKGSA-N
2284,FLRUCNJMPLRHQE-FQSGJVTMSA-N
2286,MNLRQHMNZILYPY-MDMHTWEWSA-N
2288,HIPIENNKVJCMAP-DTWKUNHWSA-N
2290,PBZRRADJWNBPNY-WLHGVMLRSA-N
2292,IQVQXVFMNOFTMU-FLIBITNWSA-N
2294,WGLRJONCGNNMKL-VOTSOKGWSA-N
2296,KWVISVAMQJWJSZ-VKROHFNGSA-N
2298,GYUTYMPIMMYZHM-UHFFFAOYSA-N
2300,NPOAOTPXWNWTSH-UHFFFAOYSA-N
2302,XJLATMLVMSFZBN-VYDXJSESSA-N
2304,IUXAGRKMQRVAMG-UHFFFAOYSA-N
2306,UYXWCWJRGWWTGU-UHFFFAOYSA-N
2308,WOPYGCANEAIOEM-UHFFFAOYSA-N
2310,CLKOFPXJLQSYAH-NVOBBBONSA-N
2312,BOPPUHZKIKFBHH-GEOUXAIOSA-N
2314,XAFJIIZCMNHLRS-UHFFFAOYSA-N
2316,FMEUWIKCSICJBO-UHFFFAOYSA-N
2318,AEGZYCGXUREGSM-OUKQBFOZSA-N
2320,ACTIUHUUMQJHFO-UPTCCGCDSA-N
2322,FSYVGCMCWALMCX-SNAWJCMRSA-N
2324,XPDBYTRMUWQPTF-UHFFFAOYSA-N
2326,RRUQYJBEEQBWGK-UHFFFAOYSA-N
2328,AKKQGFKWEDCWJK-UHFFFAOYSA-N
2330,SCOXWKWLFRIELY-WEVVVXLNSA-N
2332,RBFIISQAYNLQQY-MZLJFPOFSA-N
2334,RFDAIACWWDREDC-FRVQLJSFSA-N
2336,XUHLIQGRKRUKPH-DYEAUMGKSA-N
2338,KZJNKSIORXDWKH-LUGOROIYSA-N
2340,DOYKMKZYLAAOGH-UVTDQMKNSA-N
2342,YLKFQDKSCLMOGF-HBUYZUPUSA-N
2344,OVBPIULPVIDEAO-LBPRGKRZSA-N
2346,DQUUSJCGJNQFPG-IFXUJQPNSA-N
2348,KFKSQOIZZRZEFC-BZFAMWISSA-N
2350,MNLWZCYHJPEFDE-BUDDGWGSSA-N
2352,PQHZSWZPVGHDEZ-UIQTUGNFSA-N
2354,DVFXEUYOOYUTOA-DYCWBZJYSA-N
2356,KQTYDMMVMJEHAN-GDNBJRDFSA-N
2358,FZSYYVOKNJZJTF-UHFFFAOYSA-N
2360,MAQMWSUGBCIGLJ-UHFFFAOYSA-N
2362,YECHEDVCXXVLIY-UHFFFAOYSA-N
2364,NGWLEVXPPLCHNC-UHFFFAOYSA-N
2366,MXYUKLILVYORSK-HBMCJLEFSA-N
2368,VIMXTGUGWLAOFZ-UHFFFAOYSA-N
2370,GVUHIWDAWNDBKR-RLLAQXBXSA-N
2372,QFOHBWFCKVYLES-UHFFFAOYSA-N
2374,YEMMVDQCVABATJ-BQHDQPCHSA-N
2376,PFWHFUPRJSEODI-UHFFFAOYSA-N
2378,BPYKTIZUTYGOLE-IFADSCNNSA-N
2380,LXNHXLLTXMVWPM-UHFFFAOYSA-N
2382,OVMSOCFBDVBLFW-VHLOTGQHSA-N
2384,YPKUMLKVFXFYOT-UHFFFAOYSA-N
2386,RAEOYMOPVHBBKE-UHFFFAOYSA-N
2388,ITJIJDWFGMAIKB-PKIAMQTDSA-N
2390,NETXGRNQKFELFY-ASUBUDITSA-N
2392,OYFVPOABQXXDNO-UHFFFAOYSA-N
2394,YCKKAXDZPAQYOF-UHFFFAOYSA-N
2396,UTMLPTPULBHGMZ-UHFFFAOYSA-N
2398,NWIBSHFKIJFRCO-WUDYKRTCSA-N
2400,OCCSIEQRVFOZHA-ZRGSRPPYSA-N
2402,HUPGTAGQEXENPN-QIUKOVNNSA-N
2404,SNZHVLUQMJWWPN-UHFFFAOYSA-N
2406,UKFAWRZYFYOXEG-UHFFFAOYSA-N
2408,LAJRJVDLKYGLOO-HLRFMGGZSA-N
2410,RNUHPRWYDXEBOM-FXCXTKEDSA-N
2412,GZYPWOGIYAIIPV-BJUPWKCISA-N
2414,YPIDZFLQKNEKRA-UHFFFAOYSA-N
2416,DSMWJDJWYGMEBO-PRFRQLEPSA-N
2418,ZDXPYRJPNDTMRX-GSVOUGTGSA-N
2420,FYZCUGVROGLOCP-ICIBFRGGSA-N
2422,GQOCHCOFYNMUOJ-UHFFFAOYSA-N
2424,OHRGHFXATDKGOV-MDKHPKFKSA-N
2426,ISMUGWMKUVABAZ-XRNKWZDJSA-N
2428,RQDVJSDWJAIKOJ-GQIYIWHVSA-N
2430,AIFVFVGRWAMEBM-GSQIWVKLSA-N
2432,AKFIXMYXISUTAF-CKNBLZQJSA-N
2434,XZPCFZLGAZNCOI-ILTOVDSJSA-N
2436,HDVAWXXJVMJBAR-VHSXEESVSA-N
2438,WBDMFFSFFQSHFV-MUGRSDNVSA-N
2440,OLBNOBQOQZRLMP-UHFFFAOYSA-N
2442,LEYGRBGYJYVHJL-ZKQFBGJWSA-N
2444,KNSDITCTAHCCEB-UHFFFAOYSA-N
2446,GYCHRCQMZRMPJA-UHFFFAOYSA-N
2448,MSIMWLAIWYFFLY-UHFFFAOYSA-N
2450,RUUZDCZRFRLJFC-UHFFFAOYSA-N
2452,YAEGHQJYDLCTMR-DCIPZJNNSA-N
2454,POXKBPUNCDMQMW-YLVJLNSGSA-N
2456,FXPWZCUQBSEHTH-QZRFOHQJSA-N
2458,PESKGJQREUXSRR-UHFFFAOYSA-N
2460,YUXUTEAAGHFKKH-MKQCFFQWSA-N
2462,GLZPCOQZEFWAFX-YFHOEESVSA-N
2464,FEMTVABTBAWCEK-UHFFFAOYSA-N
2466,LUADJIBUFOIMNV-UHFFFAOYSA-N
2468,RXOMDRQVYULRRU-UHFFFAOYSA-N
2470,NJVQCZVYEIAGLE-UHFFFAOYSA-N
2472,VNOMXNULTAUIDL-UHFFFAOYSA-N
2474,FDGQSTZJBFJUBT-UHFFFAOYSA-N
2476,CXIHBIKIPKUWBP-XPIMNQETSA-N
2478,QIYRQEHCCPTEPY-KRWUGMCISA-N
2480,YGPSJZOEDVAXAB-UHFFFAOYSA-N
2482,PAEOIXITAYMQRF-BYSCJPLWSA-N
2484,PBKZJIMGHNPKBJ-UHFFFAOYSA-N
2486,WVVSZNPYNCNODU-XTQGRXLLSA-N
2488,QWLHSFULTXXQLE-UHFFFAOYSA-N
2490,VJQANBSDAGCDJE-UHFFFAOYSA-N
2492,IHOHGVDNDQTZGL-SHOHFCBWSA-N
2494,FLLRZSQAKUHACV-UHFFFAOYSA-N
2496,YEFIMTZGZGDHKG-DLSNBSBHSA-N
2498,LOFBWESEBFUNJU-WIOBTPJMSA-N
2500,JFYYCQXZVIOBKU-UHFFFAOYSA-N
2502,UONSFNPHCTWRGS-UHFFFAOYSA-M
2504,DKDGWAKCXBFTMM-KZKMBZSSSA-N
2506,BITFKDUCQOBZDL-POHAHGRESA-N
2508,BYCOQXVBFQHWPL-NSCUHMNNSA-N
2510,YJSHRIGISKAHBT-JFTDWGSPSA-N
2512,OUMWCYMRLMEZJH-VOXRAUTJSA-N
2514,TUMLDZXQVLUMQL-DJABAAGCSA-N
2516,MXZXIBZNZUOHER-VHWZNAHMSA-N
2518,SLVSUVFUFJKMCV-WUXMJOGZSA-N
2520,FCYCVETXTGWXBR-CMUGPJGNSA-N
2522,BTXNYTINYBABQR-UHFFFAOYSA-N
2524,QIDMCIFFMHMTBT-YKBPFZMUSA-N
2526,OYBHLUBLZHVTKK-UHFFFAOYSA-N
2528,DPBOXKYWJVXMAW-UHFFFAOYSA-N
2530,LSMKTLJKBSXMMR-YQBWYNSVSA-N
2532,BGLMHEUNVVQFLX-LSTSTJKNSA-N
2534,FDVOVSCQDWKKHH-UHFFFAOYSA-N
2536,BAUXUWNOTMKKET-UHFFFAOYSA-N
2538,QVLYXPULBWQTJW-UHFFFAOYSA-N
2540,JRAAEKBJXQXXBZ-DAJYORATSA-N
2542,HPDJFHJDZYIBCP-GFZBMPBCSA-N
2544,PYHKDROAWLAEDE-VKAHWXPLSA-N
2546,GXDJGKMWLJOJFR-WUSKNVGPSA-N
2548,SMOHLDSEWHACKE-UHFFFAOYSA-N
2550,BOJKULTULYSRAS-NPWGMBKGSA-N
2552,OXMSLZKWSBMQES-UHFFFAOYSA-N
2554,AADNEQWIZKTMBL-UHFFFAOYSA-N
2556,TWDKBDSVUUKABK-GBXCKJPGSA-N
2558,VXAHTPDZSOTOPQ-XCVCLJGOSA-N
2560,RBQNDQOKFICJGL-UTBFYLPBSA-N
2562,SKCDPGIEMVQDCR-QZSWEDNISA-N
2564,VUKHFRDPHIDEAW-UHFFFAOYSA-N
2566,FWHAYHIGJSFGKO-UHFFFAOYSA-N
2568,FQWZGEBZILOCET-BJGSYIFTSA-N
2570,KMPWYEUPVWOPIM-QAMTZSDWSA-N
2572,MXLIDYXKRCYRPL-SVQBVAIGSA-N
2574,IVOODSRSVJPWLY-UHFFFAOYSA-N
2576,FFWOKTFYGVYKIR-UHFFFAOYSA-N
2578,LSHVYAFMTMFKBA-TZIWHRDSSA-N
2581,DSLZVSRJTYRBFB-DUHBMQHGSA-N
2583,OOGPWQHGQYUIAW-JEWCKWPLSA-N
2593,IVRQZYXJBVMHCW-OTCFHACESA-N
2595,NOGWCMMYTAXOCY-UHFFFAOYSA-N
2597,AAWZDTNXLSGCEK-WYWMIBKRSA-N
2599,RKAXEWSQYMGBAP-LOGVKIPNSA-N
2601,XCRBJSLPMIXFOO-UHFFFAOYSA-N
2603,YOFHAHMLGOFXAB-OBCDOPQVSA-N
2605,JFEFKYNVTFPFRI-UHFFFAOYSA-N
2607,HUXJGSHUVDWZAM-UHFFFAOYSA-N
2609,KCSPYQSCNFOIII-UHFFFAOYSA-N
2611,NEFYSBQJYCICOG-RJRZVDSCSA-N
2613,ILRCGYURZSFMEG-RKQHYHRCSA-N
2615,LJOQGZACKSYWCH-LHHVKLHASA-N
2617,WKUOPGZYLRFCHJ-APDQSUQKSA-N
2619,ABJOCPBDVGJFLG-UHFFFAOYSA-N
2621,LQUPEGJECBPTCO-KDRUZJHHSA-N
2623,OAGXTVOZBKKJKA-UHFFFAOYSA-N
2625,HQPSNGXRJBMMAL-WHZRINGVSA-N
2627,ILQLITDRYFHAGM-UHFFFAOYSA-N
2629,KLPUXMNQDCUPNO-DXKBKAGUSA-N
2631,NORHBOUZICGKOK-UHFFFAOYSA-N
2633,JFVKWCYZKMUTLH-GRWTVWFQSA-N
2635,MFOVLHFTNQGRLH-BFMVXSJESA-N
2637,FPUXKXIZEIDQKW-TVPHMGRTSA-N
2639,FYZYXYLPBWLLGI-AUOPOVQUSA-N
2641,JAKAZHIACKJNNB-UHFFFAOYSA-N
2643,UZXMLGUMBQQVME-UHFFFAOYSA-N
2645,NGFMICBWJRZIBI-UJPOAAIJSA-N
2647,KJHHAPASNNVTSN-KPKJPENVSA-N
2649,GOTAZLUFLPHQJU-MIUGBVLSSA-N
2651,IGWDEVSBEKYORK-UHFFFAOYSA-N
2653,YGTPKDKJVZOVCO-KELBJJLKSA-N
2655,IBFYXTRXDNAPMM-BVTMAQQCSA-N
2657,ZHQPRJMIAALFHX-ATTWWORZSA-N
2659,LLQBCHODNVGKSF-RVXDDWIJSA-N
2661,LUKBXSAWLPMMSZ-OWOJBTEDSA-N
2663,OTAFZEHRJNHBDI-GUBURHFBSA-N
2665,FOINLJRVEBYARJ-UHFFFAOYSA-N
2667,FUBVFOMIYZMXCB-DWHCWPPGSA-N
2669,GVBNSPFBYXGREE-CDDDFZJFSA-N
2671,GPTPSPAFUZTDEG-UHFFFAOYSA-N
2673,FCDLCPWAQCPTKC-UHFFFAOYSA-N
2675,LBZXZXIGWNHGTB-UHFFFAOYSA-N
2677,XFLTYUCKJRFDOU-XPMKZLBQSA-N
2679,LQYPUZKOEZWGBX-BASLNEPJSA-N
2681,FIADIPXEFYWJQV-POYRUVRTSA-N
2683,IAVJHQVGTRSIOM-UVMZMRPTSA-N
2685,BDFCYBFDARSRDM-UHFFFAOYSA-N
2689,WBCMGDNFDRNGGZ-NCJPAETISA-N
2691,VJWYQRXPCZNDKS-UHFFFAOYSA-N
2693,FKBUODICGDOIGB-UHFFFAOYSA-N
2695,QDSDUIWGMCGLHI-VTULTLKESA-N
2697,FTGKHGAVFGGOMW-UHFFFAOYSA-N
2699,LOUPRKONTZGTKE-USWSZDBUSA-N
2701,IGKWMHUOBKCUQU-LTCOOKNTSA-N
2703,JGWDBQRLOBLTHU-RELBSBPCSA-N
2705,WEHZDNHJZBEGME-SPGNZJCFSA-N
2707,MWLKXILGJPSPKZ-LWSBBEHMSA-N
2709,ODBRNZZJSYPIDI-UHFFFAOYSA-N
2711,PBAZKMWQUBDDLZ-UHFFFAOYSA-N
2713,YJRLSCDUYLRBIZ-UHFFFAOYSA-N
2715,JYQIWENZJDPRSV-WHJIMDRXSA-N
2717,MYFFDMMUGIQJQM-UHFFFAOYSA-N
2719,GIKJADRKBZHVCY-DUXPYHPUSA-N
2721,URBPIXMUXQEKHZ-KCXSLEDMSA-N
2723,YRAQEMCYCSSHJG-UHFFFAOYSA-N
2725,UWTOESDPWKUNBD-UHFFFAOYSA-N
2727,MYWZGSROPRXVPM-AUMMCNCRSA-N
2729,XOJVHLIYNSOZOO-SWOBOCGESA-N
2731,NLVFBUXFDBBNBW-PBSUHMDJSA-N
2733,VNXYHRRGEDIKJZ-UHFFFAOYSA-N
2737,YKRGDOXKVOZESV-RMNZJSDUSA-N
2739,HIWJJOYYZFELEZ-UHFFFAOYSA-N
2741,QQUHMASGPODSIW-ICECTASOSA-N
2743,SFLVCICJLIKJKU-QKYBYQKWSA-N
2745,KZJWDPNRJALLNS-VJSFXXLFSA-N
2747,QWRYPHZJTWQLFX-UHFFFAOYSA-N
2749,LOVMOOUQHWMIHZ-RZNTYIFUSA-N
2751,UFMJCOLGRWKUKO-UTOQUPLUSA-N
2753,SGTNXGSCHXKQJX-OQAPJDJNSA-N
2755,BUVGSDAKOBKGFK-UHFFFAOYSA-N
2757,NJYMCMBDFMRROK-UHFFFAOYSA-N
2759,GUEIZVNYDFNHJU-UHFFFAOYSA-N
2761,LJRDOKAZOAKLDU-UDXJMMFXSA-N
2763,VVRNYAJXAUQHEN-BNFZFUHLSA-N
2765,GSAWBDXYMSQMRT-UHFFFAOYSA-N
2767,XMVQWNRDPAAMJB-UHFFFAOYSA-N
2769,KBHXFAMQPPWLFT-NUXWGMRISA-N
2771,RYVGCUJETSKZDU-YQHZJLNZSA-N
2773,RVWWDDKOKZXKCJ-ZOLYHUHESA-N
2775,XTMCUUVQSGQNSI-UHFFFAOYSA-N
2777,VIHRKOVEWCGJQP-UHFFFAOYSA-N
2779,BWAZUXQZSXFTJK-VPTIGGDOSA-N
2781,QADCCYSYLNTZHV-YADHBBJMSA-N
2783,XNMZBRJAWRIJII-UHFFFAOYSA-N
2787,BGPMMCPSTAYIEL-UTKQBPCESA-N
2789,LPLWWIHUJXWQSS-VIOLRBFZSA-N
2791,CGZNTHDUAFIKOH-BMVMOQKNSA-N
2793,YTDYKYPXYRZGQN-SUNOKAMTSA-N
2795,ZTRKHQRICPULDJ-UHFFFAOYSA-N
2797,JMUOPRSXUVOHFE-SYAFJHLCSA-N
2799,BEDSGEULUAVXQH-YGCGHWCOSA-N
2801,LLKIVVHUJOPYIV-UHFFFAOYSA-N
2803,IXORZMNAPKEEDV-SNTJWBGVSA-N
2805,VJVXQSFKTVUEFY-XGICHPGQSA-N
2807,YQOKGDRMWQLQNR-BMVMOQKNSA-N
2809,SGQJDTLFQCDZGS-UQEKQVNISA-N
2811,HMOMGSPWDYKCAH-CBLCVTABSA-N
2813,AWDKYYYAAQQLEF-XRSPUIAPSA-N
2815,NSFCLBVWJYYZMR-DNVFCKCGSA-N
2817,UDNMYDZHPMNIEQ-RIYZIHGNSA-N
2819,MEIWPHMJWJAVIY-UHFFFAOYSA-N
2821,FZALQGCQQJLGKE-ZBUWNZDNSA-N
2823,BAHUBXAYVOCLNA-WDZFZDKYSA-N
2825,MYEJFUXQJGHEQK-SEXHJYIHSA-N
2827,BKJYMZRGLINXRP-NSCUHMNNSA-N
2829,DCTLJGWMHPGCOS-UHFFFAOYSA-N
2831,CIQDSZUZMUTHGY-FUFTYFEXSA-N
2833,UTPBMRNHPNUBLT-UHFFFAOYSA-N
2835,FFDNVMGPKVVVOG-UHFFFAOYSA-N
2837,QXKHYNVANLEOEG-UHFFFAOYSA-N
2839,HPNSFSBZBAHARI-RUDMXATFSA-N
2841,QTSQCCVLTMKKDP-SFDCQRBFSA-N
2843,XGPBRZDOJDLKOT-WDZFZDKYSA-N
2845,CUAPOUHDJKWLOB-UHFFFAOYSA-N
2847,WWVATHTYIDDAQF-DERWZFJFSA-N
2849,GOZCEKPKECLKNO-RKQHYHRCSA-N
2851,PEUUVVGQIVMSAW-RZTYQLBFSA-N
2853,RBKWJAHRWPDNPM-UHFFFAOYSA-N
2855,SZLZWPPUNLXJEA-QEGASFHISA-N
2857,GHCZYXUOYFOXIP-UHFFFAOYSA-N
2859,DBPWCIPDCMVUFT-UHFFFAOYSA-N
2861,FVWJYYTZTCVBKE-ROUWMTJPSA-N
2863,NHKCCADZVLTPPO-UHFFFAOYSA-N
2865,HBRYKWADRULLHU-UHFFFAOYSA-N
2868,FCSKUNOKIVAIKK-UHFFFAOYSA-N
2869,LZMUZSFHEIXIJR-UHFFFAOYSA-N
2871,AQLCKWUMMOZIEY-UHFFFAOYSA-N
2873,NETSQGRTUNRXEO-XUXIUFHCSA-N
2875,QPQRGIHXJVTGCW-UHFFFAOYSA-N
2877,SXPBJYHKMRWZNA-ZITSYKRSSA-N
2879,PFIQXUYXVYYERO-ALCCZGGFSA-N
2881,RNKMOGIPOMVCHO-SJMVAQJGSA-N
2883,IRZTUXPRIUZXMP-UHFFFAOYSA-N
2885,SQOJOAFXDQDRGF-NNGCZKEZSA-N
2887,VGRPJNIVIGBNNK-UHFFFAOYSA-N
2889,VANIIUGEHGLNHB-AATRIKPKSA-N
2891,IVEJMWCGEFICJC-UHFFFAOYSA-N
2893,LATYEZNGPQKAIK-BRVOSZROSA-N
2895,PACBGANPVNHGNP-RUDMXATFSA-N
2897,ZONJATNKKGGVSU-UHFFFAOYSA-N
2899,JGHTWRZCNLXYPF-UHFFFAOYSA-N
2901,VMTHPSSNJFUGBF-CMDGGOBGSA-N
2903,FYTOTHFWELWOCG-UHFFFAOYSA-N
2905,SFZVDNKTWPZIJG-UHFFFAOYSA-N
2907,MAWCJLLSYLMLHT-UTRMSSBJSA-N
2909,MYQAATJJIDGOMQ-AYPBNUJASA-N
2911,ZBLWKSUMHLVXAM-UHFFFAOYSA-N
2913,QZUNAFWZEXJWGD-UHFFFAOYSA-N
2915,ZJSJQWDXAYNLNS-XJUVHSKASA-N
2917,RNWHJFUXZQBBLK-UHFFFAOYSA-N
2919,KQQLSXWIDDTWRR-WUOZLOAJSA-N
2921,HSTZMXCBWJGKHG-BUFXCDORSA-N
2923,REBRERQNUHGTMS-PCGJYRBUSA-N
2925,ZYZHMHXSPPAVCD-HKXMFVAESA-N
2927,LARSXHUKWMVHRB-UHFFFAOYSA-N
2929,UVBLDLGZDSGCSN-MWOWFCOASA-N
2931,SNGHLUWTFLYPMT-OEZBNQCDSA-N
2933,AMOGMTLMADGEOQ-OOLNSWIYSA-N
2935,FMWJHXDPCQWVEJ-JVLSTEMRSA-N
2937,ZHECNBLIOXZXBL-TVDJWTRXSA-N
2939,MWQRAOGWLXTMIC-UHFFFAOYSA-N
2941,PEYUIKBAABKQKQ-AFHBHXEDSA-N
2943,RYEFFICCPKWYML-QCGISDTRSA-N
2945,NGOLMNWQNHWEKU-XMMPIXPASA-N
2947,VNQNUULCMPXFER-XDCWJTEKSA-N
2949,CDZUQIFWCXAIFB-UHFFFAOYSA-N
2951,DDHXERAMOVJOAJ-UHFFFAOYSA-N
2953,CJBZJZGULKATPY-UHFFFAOYSA-N
2955,KOWMJRJXZMEZLD-VGBAVMOLSA-N
2957,ZJDOESGVOWAULF-OGJQONSISA-N
2959,FBPFZTCFMRRESA-JGWLITMVSA-N
2961,XZXBGGYJQALVAW-VSUHMYSYSA-N
2963,GWOCLAPCXDOJRL-FPLPWBNLSA-N
2965,QJYNZEYHSMRWBK-NIKIMHBISA-N
2967,GKSGTWUNURZTKD-UHFFFAOYSA-N
2969,QATFYHWTNMSERU-UHFFFAOYSA-N
2971,JOIDTHZGWZZGMU-FAOXUISGSA-N
2973,CISFAPDYRQPRCZ-UHFFFAOYSA-N
2975,VWHYFMQKJYFLCC-DUXPYHPUSA-N
2977,BARZJLALPXZLMN-RJGDCVCESA-N
2979,UEAATLOMPYZOFF-PYEGHPNJSA-N
2981,LOTLMZWGLBOKFL-UHFFFAOYSA-N
2983,FNLMCNKPGGHKQL-FPLPWBNLSA-N
2985,KHSCYOFDKADJDJ-NQLMQOPMSA-N
2987,YPZBTERWDWUANF-UHFFFAOYSA-N
2989,TUSDEZXZIZRFGC-ZHQJDPFESA-N
2991,GAUPAOVCTWBVKC-WBGFTGLFSA-N
2993,YXOATFKTEDZPFL-UHFFFAOYSA-N
2995,ULPUBSPPYRXUOZ-UHFFFAOYSA-N
2997,FFEZXYJBMGDYNX-UHFFFAOYSA-N
2999,OMQVQJDDMZUVNL-UHFFFAOYSA-N
3001,MFLWBVVCOWPUBA-UHFFFAOYSA-N
3003,NZESEVTYUVXOTC-APDQSUQKSA-N
3005,YURQMHCZHLMHIB-UHFFFAOYSA-N
3007,LTVCFOSNIVVOBK-RSGHPYSYSA-N
3009,AQBZCCQCDWNNJQ-AUSIDOKSSA-N
3011,ACRIYYKEWCXQOS-XAYOXWHSSA-N
3013,OIMUSOLEDHKDCV-WJHJMGTLSA-N
3015,HSHNITRMYYLLCV-UHFFFAOYSA-N
3017,IPUONOHBPFSQMA-UHFFFAOYSA-N
3019,GFMYIOGFYYHKLA-IZZDOVSWSA-N
3021,QJVVGCSWIOLQDG-PROUKMOUSA-N
3023,APAJFZPFBHMFQR-UHFFFAOYSA-N
3025,PVCLMZBWMWIHKX-UHFFFAOYSA-N
3027,UFNCPOJSDHJVEL-DQUVJYIYSA-N
3029,FRZOQPPWSKEZAA-QBZXRRNTSA-N
3031,AFYIWKNGSIYXCQ-ARTOWFLDSA-N
3033,NSRKLZRKJJQJLD-KXBJDGJWSA-N
3035,SEBFKMXJBCUCAI-HKTJVKLFSA-N
3037,MIPXDZVPQOJPHM-RGYKTBPFSA-N
3039,VTQUQEWGIJRVHB-VHPPWYILSA-N
3041,RODXRVNMMDRFIK-UHFFFAOYSA-N
3043,POASCAFEUZQXNU-MACSXGQBSA-N
3045,KNCNSYQYJUBLPW-UHFFFAOYSA-N
3047,LOUBNBRAJPSMEC-GYBIIRLBSA-N
3049,VRCXJKSBSNVDFC-UHFFFAOYSA-N
3051,DYMYDSWEIIXYNX-UHFFFAOYSA-N
3053,HVNMJMDAMCBOTE-BMPWFYMVSA-N
3055,YURJSTAIMNSZAE-ILDRPQKSSA-N
3057,BUOADWXGPJXKRM-UHFFFAOYSA-N
3059,XUHLIQGRKRUKPH-UHFFFAOYSA-N
3061,MRBLTWPEPGRXQN-UHFFFAOYSA-N
3063,NOOLISFMXDJSKH-UHFFFAOYSA-N
3065,NCCWCZLEACWJIN-UHFFFAOYSA-N
3067,DJDISCKFJXDADJ-COUYJTLKSA-N
3069,YLGANLNQTUGMCH-UHFFFAOYSA-N
3071,OXHVZEZYYQQCRJ-ZLNFVOGTSA-N
3073,WGVQPPKZKAJDGR-UHFFFAOYSA-N
3074,KRZBCHWVBQOTNZ-PSEXTPKNSA-N
3084,PCWWIOUZYOPZHT-VBUSEHTESA-N
3086,QUKDLMFYXITHBM-XYOKQWHBSA-N
3088,ZCBRYYRPNSHPER-UHFFFAOYSA-N
3090,MHWAHKIDOYBXCN-FHVVLDLYSA-N
3092,FQIQTIUZOUXZTP-UHFFFAOYSA-N
3094,OGJCZLOIKMTMKF-XBXARRHUSA-N
3096,MHVJRKBZMUDEEV-WANGQUDJSA-N
3098,YXZYFHXWEOAXLF-UGAZNADUSA-N
3100,UWKRNCNWJVCHGZ-DERWZFJFSA-N
3102,FOWZPEXPOVXJSN-MIYBPCGNSA-N
3104,FQWZGEBZILOCET-QEQKPWIDSA-N
3106,IWGKJEFGMDTVIL-DUXPYHPUSA-N
3108,LABWQTNVUKYYIP-ANNCGNFZSA-N
3110,JHEBMTRMMJXPTM-QHCPKHFHSA-N
3112,GBGKVNUYCBHABP-CPDKWHJTSA-N
3114,GGIDHIBVLYVTAU-QGPLIYBISA-N
3116,UWRDCNVTKORVMI-QSQWZJICSA-N
3118,MOLPUWBMSBJXER-YSXCXNLVSA-N
3123,RSZDAYHEZSRVHS-UHFFFAOYSA-N
3125,XSUATNGSAZMWRU-UHFFFAOYSA-N
3126,SASVNKPCTLROPQ-NZYDNVMFSA-N
3128,DTFARBHXORYQBF-HBGVWJBISA-N
3130,GYFFKZTYYAFCTR-UCEFVAKBSA-N
3132,MLRIJUWUQTVDQE-RKQHYHRCSA-N
3133,DWTRNJFPDXIFSY-LRCSWYQSSA-N
3135,GWVGVAPNTKLROZ-UHFFFAOYSA-N
3137,NLLJGJGLOHFJMI-FDPZVKDNSA-N
3139,NOFGKTVEZONBCG-UHFFFAOYSA-N
3141,RAGZUCNPTLULOL-KQJPBSFVSA-N
3143,ZPINJJOPURFFNV-UHFFFAOYSA-N
3145,OLOOJGVNMBJLLR-UHFFFAOYSA-N
3147,QKYLNUXCPSRUNA-YZENIEGJSA-N
3149,DHVXMTMJTVCPBB-UHFFFAOYSA-N
3150,QURCVMIEKCOAJU-HWKANZROSA-N
3152,FIAAVMJLAGNUKW-UHFFFAOYSA-N
3154,CNNXMGXBAZQZDE-HHMSBIESSA-N
3156,SLWJVQQNDGLXTK-UHFFFAOYSA-N
3158,LJFYQZQUAULRDF-FDGSXQGBSA-N
3160,NIKHGUQULKYIGE-MOWPSDGOSA-N
3162,ULPVIBVOKQAXJB-UHFFFAOYSA-N
3164,DCKYPAZZUYXYTC-SCGWIAOYSA-N
3166,QNYOCAYOHKMFCQ-OLPWHGRMSA-N
3168,WKEOZXMSVNVPCM-RZNTYIFUSA-N
3170,GKMFOEIZCLMZDE-UHFFFAOYSA-N
3172,KKOLMSSIDZXPLS-YIWDLVGLSA-N
3174,FNVCLGWRMXTDSM-WOJBJXKFSA-N
3176,KSEBMYQBYZTDHS-HWKANZROSA-N
3178,REHZVRNVHQFBAF-YLHHEPAUSA-N
3180,VPGIGLKLCFOWDN-UHFFFAOYSA-N
3182,LSEDQFLRUJOXDX-SBOHWPTNSA-N
3184,CKGKQISENBKOCA-NHBPFIHPSA-N
3186,WQZRAWSNEARGPQ-UHFFFAOYSA-N
3188,PYWZXKKFHNJUIQ-WRCGPABWSA-N
3190,IKSYBPLYPLDCSW-FOEIDLOLSA-N
3200,LDBMLOLBWUOZGG-DOFVRBEMSA-N
3202,VPAOSFFTKWUGAD-TVKJYDDYSA-N
3204,INRCFVYVWPWZJS-IWQZZHSRSA-N
3206,ZPLVEUIOSKJIDT-UHFFFAOYSA-N
3208,HBCGNAJUSBIBGA-UHFFFAOYSA-N
3210,VVSZRCIUFBADJQ-BJMVGYQFSA-N
3212,NPAQHLFPEOMKAL-UXXRCYHCSA-N
3214,ALGYTGOYQATWBA-UHFFFAOYSA-N
3216,UHRUXUCWHIGENP-UHFFFAOYSA-N
3218,SXTGVXKFOVZYIK-UHFFFAOYSA-N
3220,PQOVWWZVVIGRPP-DPXQNDTBSA-N
3222,ASKKBGQVSVTIAW-HVQFUZGHSA-N
3224,BRXADWYLMDAXBU-FLXITYBYSA-N
3226,QJVXKWHHAMZTBY-GCPOEHJPSA-N
3228,SLMFLTPPPXRYHP-JLHYYAGUSA-N
3230,SXGSYHDLSPXCMU-CTQTXEDXSA-N
3232,NOZAJYKZMCFNFG-WULVTUHRSA-N
3234,GUZJCKBQAGGXGH-UHFFFAOYSA-N
3236,XYPWCJWXFYYGPA-UHFFFAOYSA-N
3238,NFMZRMNYRASNPY-UHFFFAOYSA-N
3240,NBLLRWANAFOKON-ZHZXCYKASA-N
3241,HUKSJTUUSUGIDC-UHFFFAOYSA-N
3243,XKIBNYJGNBTYMP-UHFFFAOYSA-N
3245,VNADFOGBKXRWGC-RIYZIHGNSA-N
3247,YTFVRYKNXDADBI-SNAWJCMRSA-N
3249,DORPKYRPJIIARM-GYAWPQPFSA-N
3251,QMWJARHMJRTJMQ-UHFFFAOYSA-N
3253,YGAXNRUXTMXSJA-LDGQGHTNSA-N
3255,DPAGRPSAFDXQDN-UHFFFAOYSA-N
3257,QCLBGWSAIHOGCA-UHFFFAOYSA-N
3259,RAGZUCNPTLULOL-KJJWLSQTSA-N
3261,GPFVBJYXFRIOFB-UHFFFAOYSA-N
3263,QZIOPOIUZGGXKI-KOYXEPTDSA-N
3265,VUJFFBGJRUFEKJ-OVPBRRTDSA-N
3267,PBPYEEMQIFDGSQ-MIYBPCGNSA-N
3269,LSHAJDRFVTXNOB-UHFFFAOYSA-N
3271,BMRSEYFENKXDIS-QHAYPTCMSA-N
3273,BMKQPAJRQUUYGC-UHFFFAOYSA-N
3275,ZUXLIBRTWRBKLQ-NUASCYGXSA-N
3277,FCIZPHNZRNLUJD-UHFFFAOYSA-N
3279,OHCQJHSOBUTRHG-KGGHGJDLSA-N
3281,KJTDZAHLWHEULN-UHFFFAOYSA-N
3282,NJUWLUPGDQOJCR-GFCCVEGCSA-N
3284,IBIPGYWNOBGEMH-DILZHRMZSA-N
3286,GKQGIQVSMCHAFX-IBEHDNSVSA-N
3288,ABHHIGWFFMCQOC-UHFFFAOYSA-N
3290,JJWKFIISZGZPHY-PTNCSMPOSA-N
3292,KOLGVIJQEZBWIQ-UHFFFAOYSA-N
3294,RARUJUZFKGDIOM-RAEVTNRLSA-N
3296,RSDDHGSKLOSQFK-RVDMUPIBSA-N
3298,TZABDPRGZVHMRW-NQNKBUKLSA-N
3300,JYESOAFLKFHYHP-SFHVURJKSA-N
3302,MPXXSICHRNCHHK-UHFFFAOYSA-N
3304,DBKIEMOKQWYZOA-UHFFFAOYSA-N
3306,FKBUODICGDOIGB-PFFFPCNUSA-N
3308,BMLZFLQMBMYVHG-UHFFFAOYSA-N
3310,MTIXBBDFRVGBOQ-WQFFSLPPSA-N
3312,ADRQFDIWPRFKSP-RUDMXATFSA-N
3313,FOBNRKTURPWTQX-UHFFFAOYSA-N
3315,QOTBQNVNUBKJMS-UHFFFAOYSA-N
3317,LQZXAHKUYJVAAR-UHFFFAOYSA-N
3319,MBRLOUHOWLUMFF-UHFFFAOYSA-N
3321,JLMGCBFIPZDHLZ-JKHMXVTDSA-N
3325,KLXHCGFNNUQTEY-AATRIKPKSA-N
3327,DRDRYGIIYOPBBZ-XBXARRHUSA-N
3328,VNBPNPCSBYXRNC-UHFFFAOYSA-N
3330,PQEYTAGBXNEUQL-UHFFFAOYSA-N
3332,TZLCZBLLJUXBSB-UHFFFAOYSA-N
3334,OJDSCNUKKOKOQJ-RKQHYHRCSA-N
3336,VJVGTGQETNCOEX-LQDZTQBFSA-N
3338,RATQVALKDAUZBW-XPMKZLBQSA-N
3340,QXXKEARZEYWTST-QLHFFRPFSA-N
3342,BQPPJGMMIYJVBR-KMDRULEYSA-N
3344,QPRODDKTRBCFPV-DHZHZOJOSA-N
3346,ONDWGDNAFRAXCN-VUEDXXQZSA-N
3348,OOXBEOHCOCMKAC-UTOQUPLUSA-N
3350,YPRNBZFQTBKRDW-UHFFFAOYSA-N
3352,DXDRHHKMWQZJHT-FPYGCLRLSA-N
3354,ZUUPZDSDPDQRJK-VXPJCVMDSA-N
3356,KFFCKOBAHMGTMW-NXTKOJRFSA-N
3358,FCHJZJFIDNMNBS-CLBXSRGTSA-N
3360,HRLFUIXSXUASEX-UHFFFAOYSA-N
3362,AETKQQBRKSELEL-ZHACJKMWSA-N
3363,JZCRGJSEBZCNAR-UHFFFAOYSA-N
3366,AEUAVVIPDJTEFS-YJCYQKNWSA-N
3368,CNURKUNYCXCBEK-WMNSZERYSA-N
3370,CDTIMEVVBBGLIF-OVUASUNJSA-N
3372,RMAYNNFCPNGTQW-UHFFFAOYSA-N
3374,PEWFWDOPJISUOK-UHFFFAOYSA-N
3376,BBRMJCAPNGJKEM-AQASXUMVSA-N
3378,HSWIRQIYASIOBE-JNHRPPPUSA-N
3380,BZYKNVLTMWYEFA-ZJKJAXBQSA-N
3382,GGNVSANPVOEGII-GXDHUFHOSA-N
3384,LIIALPBMIOVAHH-UHFFFAOYSA-N
3386,LIVNOUBJFOXZOR-YMILTQATSA-N
3388,ZGVGUTOTMNVHSX-UHFFFAOYSA-N
3390,WQMBCGHXXVLQTE-CFVMTHIKSA-N
3392,ZIOCYJNRYIRTQD-UHFFFAOYSA-N
3394,KVPBAPOAIIQDGQ-XXGVTNRTSA-N
3396,VAPVFWUBNBLVMB-CMWLGVBASA-N
3398,SEEGHKWOBVVBTQ-UKJRIFTCSA-N
3400,PCSZTTAMZGNQNB-UHFFFAOYSA-N
3402,NGPDZEACIWDCKX-WUDKWMPASA-N
3404,TZCDAGMXXYRIKO-UHFFFAOYSA-N
3406,QZGOQORSUIQVIR-UIXQMLBBSA-N
3408,MQYXUWHLBZFQQO-KIIHVYTKSA-N
3410,UHWIZIJICYWABA-UHFFFAOYSA-N
3413,LMODNMXJBXUOQF-NFSBWDCGSA-N
3415,HVSMXONXCJBJIF-RKQHYHRCSA-N
3417,MSWJSDLNPCSSNW-UHFFFAOYSA-N
3419,YGCYRQKJYWQXHG-RDNQFMDVSA-N
3423,IQTTZQQJJBEAIM-UHFFFAOYSA-N
3425,OJISWUQNQQWEND-FCVLBCLDSA-N
3429,PMTDHEPUPHYRST-UHFFFAOYSA-N
3431,MWDNWQAVYQDZQI-UHFFFAOYSA-N
3433,KGGUASRIGLRPAX-UHFFFAOYSA-N
3435,GUAFOGOEJLSQBT-UHFFFAOYSA-N
3437,IOUVKUPGCMBWBT-QNDFHXLGSA-N
3439,MQYXUWHLBZFQQO-ISZJTHHZSA-N
3443,KYDNOVLBVBYOSW-UHFFFAOYSA-N
3445,MMDUKUSNQNWVET-UHFFFAOYSA-N
3447,UFCLZKMFXSILNL-RVXRWRFUSA-N
3449,CFNMUZCFSDMZPQ-KPKJPENVSA-N
3451,OQWKEEOHDMUXEO-BQYQJAHWSA-N
3453,NFWKVWVWBFBAOV-IPNZSQQUSA-N
3455,DOVSRUBRIYLZCI-BASLNEPJSA-N
3457,VRHZMFGDDGFRLP-UHFFFAOYSA-N
3459,UPNVKIZABMRHNR-BBYAVRKXSA-N
3461,HVYWMOMLDIMFJA-DPAQBDIFSA-N
3463,KJWFOHVSTFGWGZ-YHYXMXQVSA-N
3467,PQCLZBCFLJVBGA-UHFFFAOYSA-N
3469,ROYIOVVKJBERGN-UHFFFAOYSA-N
3471,CRVXJSNSTGEXDX-HHMSBIESSA-N
3473,QPQHCRKTYXPSQG-XGICHPGQSA-N
3475,IZSBMDHDBLUZOI-ITDRTIBASA-N
3477,ACXLVKYMISNUFD-UHFFFAOYSA-N
3479,GZSOSUNBTXMUFQ-UHFFFAOYSA-N
3481,BLGXFZZNTVWLAY-UHFFFAOYSA-N
3483,NOPFSRXAKWQILS-UHFFFAOYSA-N
3485,CJGRGYBLAHPYOM-HOLMNUNMSA-N
3487,CDTMPWYDQKWYFT-IASWOTTCSA-N
3489,ACAAVKGSTVOIQB-BASWHVEKSA-N
3491,KMPWYEUPVWOPIM-KODHJQJWSA-N
3493,QBPFLULOKWLNNW-UHFFFAOYSA-N
3495,RMFDCHYDPYVNFA-AKVWERCLSA-N
3497,OFEZSBMBBKLLBJ-BAJZRUMYSA-N
3499,UAHGNXFYLAJDIN-IZZDOVSWSA-N
3500,CWVRJTMFETXNAD-JUHZACGLSA-N
3502,CVPYYBCSHSCXJQ-DXKBKAGUSA-N
3504,UFCLZKMFXSILNL-PSEXTPKNSA-N
3506,VDSCKSOYNLTQSY-VGJPRPLGSA-N
3508,XVULBTBTFGYVRC-UHFFFAOYSA-N
3510,QPLSCFLMIOADPA-YHYXMXQVSA-N
3512,RHMXXJGYXNZAPX-UHFFFAOYSA-N
3514,MTQVPZUZBBTLNO-HSLVGEKZSA-N
3516,RUVINXPYWBROJD-ARJAWSKDSA-N
3518,JWWFVRMFYKPZNE-VVIWCBLHSA-N
3520,FUQAYSQLAOJBBC-UHFFFAOYSA-N
3522,PYMYPHUHKUWMLA-VPENINKCSA-N
3524,HITLMPHPGUZLGI-UHFFFAOYSA-N
3526,ZMELGIPFIBWPHX-GMLQCYRESA-N
3528,GWEGFCVAOPNYPT-UHFFFAOYSA-N
3530,MONOOAYGIBRELN-REQVTYDXSA-N
3532,BJRNKVDFDLYUGJ-RMPHRYRLSA-N
3534,CXFIQFGADOTDPF-XKZIYDEJSA-N
3536,ILEDWLMCKZNDJK-UHFFFAOYSA-N
3538,LYGPBZVKGHHTIE-HUBYJIGHSA-N
3540,PCMORTLOPMLEFB-UHFFFAOYSA-N
3542,JUVIOZPCNVVQFO-HBGVWJBISA-N
3544,LJOQGZACKSYWCH-WZBLMQSHSA-N
3546,MMLPRYWSGSVRRN-QRJNDHJOSA-N
3548,GMXMKSFJQLFOSO-UHFFFAOYSA-N
3550,DGDWCRWJRNMRKX-DILZHRMZSA-N
3552,BRBRVKOYZAMSBL-PXFMFDQNSA-N
3556,NPBNRBWMDNZEBN-YTEKVJICSA-N
3558,GLACGTLACKLUJX-QNAXTHAFSA-N
3560,RJWJHRPNHPHBRN-FKVJWERZSA-N
3562,OONDLKCAZJZRCW-CTPWMPFQSA-N
3564,DAELTTGCCPRYTP-ZLQZEYEISA-N
3566,SUAPQGLGNKUSLY-LJISPDSOSA-N
3568,AWMHMGFGCLBSAY-UHFFFAOYSA-N
3570,YTDNHMHONBWCBV-UHFFFAOYSA-N
3572,AOPMSFXOYJXDNJ-IRFSQMTFSA-N
3574,HXVZGASCDAGAPS-UHFFFAOYSA-N
3576,ORHBXUUXSCNDEV-UHFFFAOYSA-N
3578,MAUAGULXOHJIER-SRJJTFDTSA-N
3580,MZNIJRAPCCELQX-AWOKGZDASA-N
3582,RVGGCRQPGKFZDS-AKRYRNCVSA-N
3584,LYUZYPKZQDYMEE-WDZFZDKYSA-N
3586,VEZXFTKZUMARDU-UHFFFAOYSA-N
3588,LYGRISUQIZNHGM-UHFFFAOYSA-N
3590,NZBYUSXAWFZDAY-SDCBSSCYSA-N
3592,UFEHYRPBLFGEJW-UHFFFAOYSA-N
3594,GVRIYIMNJGULCZ-ZMKUSUEASA-N
3596,XOKVHFNTYHPEHN-UHFFFAOYSA-N
3598,ZSSVYEUXLNVQMH-UHFFFAOYSA-N
3599,JGGRFKDDIGORCC-LHYXFQTCSA-N
3601,TVKGYMYAOVADOP-SOFGYWHQSA-N
3603,UKTUQKGXNWDYAI-JBRIXVCHSA-N
3605,ZKSZEJFBGODIJW-MXNNCRBYSA-N
3607,GIJDACMRFIMBET-UHFFFAOYSA-N
3609,MVOUGOXRXQDXDC-RSPRXDBDSA-N
3611,WEKCEGQSIIQPAQ-IRBNZIFYSA-N
3621,WROKSYFOSDWFHL-UQVLWQGYSA-N
3623,ZLPLFUBVEZVYDX-UHFFFAOYSA-N
3625,KPLBOWKEQXYXSD-UHFFFAOYSA-N
3627,WMBWREPUVVBILR-WIYYLYMNSA-N
3628,WJXSYUJKJSOJOG-UHFFFAOYSA-N
3630,SFLMUHDGSQZDOW-FAOXUISGSA-N
3632,TUGAUFMQYWZJAB-FPLPWBNLSA-N
3634,AWEFUQDNSBBNCR-UHFFFAOYSA-N
3636,XFPSRAYOBUHKRV-IBEHDNSVSA-N
3638,JCDLLLXYAICSQV-INIZCTEOSA-N
3640,ORXQGKIUCDPEAJ-YRNVUSSQSA-N
3642,WYMMNGQSPNWCIK-UHFFFAOYSA-N
3644,VZJHQHUOVIDRCF-UHFFFAOYSA-N
3646,FFDULTAFAQRACT-XKBSQSBASA-N
3648,PBKUOHTZGOWWBK-UHFFFAOYSA-N
3651,NFJVELXCUBWAFL-UHFFFAOYSA-N
3653,HKIKAXXIWJHWLY-UHFFFAOYSA-N
3655,LETBAZLAGJPEIM-ZHACJKMWSA-N
3656,MYXNWGACZJSMBT-UHFFFAOYSA-N
3658,QZGOQORSUIQVIR-FFZVSTMVSA-N
3660,WLCHQSHZHFLMJH-GAVPBTRYSA-N
3662,QWQGMMRHTWIOGH-UHFFFAOYSA-N
3663,AOUZZRQCLQLQIF-UHFFFAOYSA-N
3665,YLCJNMGKCHGJRF-UHFFFAOYSA-N
3667,YTXIGTCAQNODGD-UJPOAAIJSA-N
3669,ZTDRTMVBTLHQII-UHFFFAOYSA-N
3671,RKUNBYITZUJHSG-SPUOUPEWSA-N
3673,MMMVWBXLRFTTSV-UHFFFAOYSA-N
3677,CRSFLLTWRCYNNX-QBNNUVSCSA-N
3679,WEWBWVMTOYUPHH-GXUZYPEDSA-N
3681,NOFOAYPPHIUXJR-APNQCZIXSA-N
3684,KNOJWNDGCRZBBA-UHFFFAOYSA-N
3686,QUHYUSAHBDACNG-UHFFFAOYSA-N
3688,CSATWRZOLKGPRW-KXIDKYMXSA-N
3689,MDMCODCJMHTFIZ-UHFFFAOYSA-N
3690,QOLRLLFJMZLYQJ-LOBDNJQFSA-N
3692,PVPDIJGSCANSAG-SRJJTFDTSA-N
3694,ANNNBEZJTNCXHY-NSCUHMNNSA-N
3696,LKKDASYGWYYFIK-UHFFFAOYSA-N
3698,LKWWJGGLULNRBP-DHDCSXOGSA-N
3700,HLBPOYVRLSXWJJ-PDSMFRHLSA-N
3702,HOEVRHHMDJKUMZ-UHFFFAOYSA-N
3704,JUMSUVHHUVPSOY-RMKNXTFCSA-N
3705,FYCCCUNGXGKNJV-UHFFFAOYSA-N
3707,ZZVZUHRMTUSANL-XACBXLEPSA-N
3709,FGPJTMCJNPRZGF-JXMROGBWSA-N
3710,OKBNMQXBQLZQEM-UHFFFAOYSA-N
3711,LNVWGAALAQOWHF-IUOSPEFCSA-N
3712,XLTFNNCXVBYBSX-UHFFFAOYSA-N
3714,ZIIAJIWLQUVGHB-UHFFFAOYSA-N
3716,IPRIGHIBTRMTDP-UHFFFAOYSA-N
3717,NUGPQONICGTVNA-UHFFFAOYSA-N
3719,NULZZCUABWZIRV-UHFFFAOYSA-N
3720,VHBFFQKBGNRLFZ-UHFFFAOYSA-N
3721,DTFXGVGIKNSCQQ-UHFFFAOYSA-N
3722,KZNIFHPLKGYRTM-UHFFFAOYSA-N
3723,LZERJKGWTQYMBB-UHFFFAOYSA-N
3725,GLMWHQIFJIURES-UHFFFAOYSA-N
3727,RTIXKCRFFJGDFG-UHFFFAOYSA-N
3728,XZQLSABETMKIGG-UHFFFAOYSA-N
3730,OWNRDLYPIYHOQK-UHFFFAOYSA-N
3732,FXNFHKRTJBSTCS-UHFFFAOYSA-N
3733,GMQFOKBGMKVUQZ-UHFFFAOYSA-N
3735,DOFJNFPSMUCECH-UHFFFAOYSA-N
3737,MRIAQLRQZPPODS-UHFFFAOYSA-N
3739,LKMNXYDUQXAUCZ-UHFFFAOYSA-N
3741,CNDZOPXQZSXGSK-UHFFFAOYSA-N
3743,DANYIYRPLHHOCZ-UHFFFAOYSA-N
3745,MIRFNZKXFFLSRY-UHFFFAOYSA-N
3746,PBQMALAAFQMDSP-UHFFFAOYSA-N
3747,IYBLVRRCNVHZQJ-UHFFFAOYSA-N
3749,VCCRNZQBSJXYJD-UHFFFAOYSA-N
3751,MQGPSCMMNJKMHQ-UHFFFAOYSA-N
3753,XHEFDIBZLJXQHF-UHFFFAOYSA-N
3754,IYRMWMYZSQPJKC-UHFFFAOYSA-N
3755,IQPNAANSBPBGFQ-UHFFFAOYSA-N
3756,LLLIKVGWTVPYAL-UHFFFAOYSA-N
3758,FFULTBKXWHYHFQ-UHFFFAOYSA-N
3759,OGURJSOPVFCIOO-UHFFFAOYSA-N
3761,YXOLAZRVSSWPPT-UHFFFAOYSA-N
3762,YEHDMSUNJUONMW-UHFFFAOYSA-N
3767,AHUAGKUYEMQHTH-UHFFFAOYSA-N
3769,ULSUXBXHSYSGDT-UHFFFAOYSA-N
3771,REFJWTPEDVJJIY-UHFFFAOYSA-N
3773,OMICQBVLCVRFGN-UHFFFAOYSA-N
3775,CDOSHBSSFJOMGT-SNVBAGLBSA-N
3777,HVQAJTFOCKOKIN-UHFFFAOYSA-N
3778,PVFGJHYLIHMCQD-UHFFFAOYSA-N
3779,COCYGNDCWFKTMF-UHFFFAOYSA-N
3780,XVMMEYCPXZYLAI-UHFFFAOYSA-N
3783,XUWTZJRCCPNNJR-UHFFFAOYSA-N
3785,SIVAITYPYQQYAP-UHFFFAOYSA-N
3789,UWQJWDYDYIJWKY-UHFFFAOYSA-N
3790,GPZYYYGYCRFPBU-UHFFFAOYSA-N
3792,IQWXFMQSQNSHKI-UHFFFAOYSA-N
3794,LLDTYMGZAXZDDU-UHFFFAOYSA-N
3798,MBNGWHIJMBWFHU-UHFFFAOYSA-N
3802,CHXSDKWBSFDZEU-UHFFFAOYSA-N
3805,VJJZJBUCDWKPLC-UHFFFAOYSA-N
3806,DUXQKCCELUKXOE-CBBZIXHGSA-N
3808,IKMDFBPHZNJCSN-UHFFFAOYSA-N
3809,XRQSPUXANRGDAV-UHFFFAOYSA-N
3810,LCAWNFIFMLXZPQ-UHFFFAOYSA-N
3811,JRFZSUMZAUHNSL-UHFFFAOYSA-N
3813,WEPBGSIAWZTEJR-UHFFFAOYSA-N
3814,BXLAVJWSFYZDPF-UHFFFAOYSA-N
3816,DWZAJFZEYZIHPO-UHFFFAOYSA-N
3818,ALGDHWVALRSLBT-UHFFFAOYSA-N
3820,DDNPCXHBFYJXBJ-UHFFFAOYSA-N
3822,CVEQISBYHSILGF-UHFFFAOYSA-N
3824,YNPOIPFNQJKGQJ-SALKWGHLSA-N
3826,JDBBFQGXBSMMHP-PHINXLAUSA-N
3828,IYGKIJUHLXBVCF-AJIQNVKKSA-N
3830,UHIGZYLCYRQESL-VJWFJHQPSA-N
3832,IGQSSJMCEJLHAO-VSMQRMHTSA-N
3834,IFIQVSCCFRXSJV-UFTBQYHPSA-N
3836,MORLNMAFXVHNAI-IWLDQSELSA-N
3838,OBKKEZLIABHSGY-DOYQYKRZSA-N
3840,ZCOLJUOHXJRHDI-CMWLGVBASA-N
3842,NPVUMVVTBDKDDD-NTQQJVIQSA-N
3844,JGHUOJAZXGSFRI-HOWDAYCMSA-N
3846,UXJMURXRQMFKJC-JEQMPJCPSA-N
3848,AZGNIKZHFDJEPU-FJONONFLSA-N
3850,QQQCWVDPMPFUGF-UHFFFAOYSA-N
3852,SMOFGXHPWCTYQD-UHFFFAOYSA-N
3854,DKRXODJAISNRGA-KIOYJQFDSA-N
3856,NKDFYOWSKOHCCO-YPVLXUMRSA-N
3858,PADQINQHPQKXNL-CABCVRRESA-N
3859,ODLCLZLDYDHRGT-NEGPAABLSA-N
3861,MFIJTASICGGFJA-LAJFDIHTSA-N
3863,STKUCSFEBXPTAY-GSUVRYNNSA-N
3865,XBGJTRDIWPEIMG-YVAUHRMASA-N
3867,FNUPUYFWZXZMIE-CABCVRRESA-N
3868,UQKKDJWFQBNZBJ-PTVYBAHFSA-N
3870,ZVTBPVGTFNEYQP-ZQOOCPEKSA-N
3872,MRMHZWKIOFZZID-WNXWNNQMSA-N
3874,HPMCYOSTTZQBAP-ZRWXNEIDSA-N
3876,JNPXCTROEJQHKD-APAPHXOESA-N
3878,QIUYUYOXCGBABP-UHFFFAOYSA-N
3880,WUADCCWRTIWANL-UHFFFAOYSA-N
3882,AIONOLUJZLIMTK-AWEZNQCLSA-N
3884,GUMFPOIJOXLCLA-JKSUJKDBSA-N
3886,SGKBPTZDIUXCMW-LWCVALJOSA-N
3888,CADNMISJDLVPCK-LSDHHAIUSA-N
3890,KSVVGBSBNPMXJF-RECXWPGBSA-N
3892,OHXPGWPVLFPUSM-KLRNGDHRSA-N
3894,RUDATBOHQWOJDD-BSWAIDMHSA-N
3896,IDRSJGHHZXBATQ-ZFORQUDYSA-N
3898,QFRUZVNPYYYLAN-JQFPPNBKSA-N
3900,IMPPSJRGMZYGJW-UHFFFAOYSA-N
3902,ZEJXENDZTYVXDP-CSJHBIPPSA-N
3904,SDRRSTAVRUERNC-JASYHDAHSA-N
3906,XJMYUPJDAFKICJ-SEAQMCRASA-N
3908,MGQUMSFBIYXTTE-FIYJXLSPSA-N
3910,VLCHQFXSBHIBRV-NJPMDSMTSA-N
3912,PDKGFQJSCXMICA-GBOCIRNBSA-N
3914,GVEZRDBRYNJUDQ-QSUZLTIMSA-N
3918,VSJGJMKGNMDJCI-ZASXJUAOSA-N
3920,KGXLWYQCBAUILI-NBHKXLOCSA-N
3922,RSYUFYQTACJFML-UKRRQHHQSA-N
3923,MPDGHEJMBKOTSU-IYTIXWHISA-N
3925,TZBJGXHYKVUXJN-UHFFFAOYSA-N
3926,XIPQZLUSSJDAIC-UYESFEPRSA-N
3928,XMOCLSLCDHWDHP-WFASDCNBSA-N
3929,MEHUJCGAYMDLEL-LSDHHAIUSA-N
3931,GOYZKWCPWBKPIG-RNKBQGBYSA-N
3933,GODSXGJMZIRXOG-QAYRTFGPSA-N
3935,IFIQVSCCFRXSJV-ZIZFEDMCSA-N
3937,WCGUUGGRBIKTOS-POPPTPIPSA-N
3939,ZPEADZHVGOCGKH-YQTDNFGYSA-N
3941,NEFQWEGQYZRALY-QMYZBKRTSA-N
3943,AIONOLUJZLIMTK-UHFFFAOYSA-N
3945,YSINCDVRUMTOPK-UHFFFAOYSA-N
3946,JMBINOWGIHWPJI-UNSOMVRXSA-N
3948,AKPJXLBXDLSOFY-YCUUMJCDSA-N
3950,QYTFUUGRKFACBM-MHESFOKOSA-N
3952,BYYDEEAJCDGLER-YMILTQATSA-N
3954,RYELKSRCVWRMQX-IKFNMRHDSA-N
3956,LGJMUZUPVCAVPU-HRJGVYIJSA-N
3958,JJGYRVZPUJUFTR-DRWSLCSESA-N
3960,JQMQKOQOLPGBBE-JJMJUPCVSA-N
3962,WKIHBIBUCQPPBY-NQIIRXRSSA-N
3963,LGOQXEQWOCSLEC-CYZBKYQRSA-N
3965,KKSYAZCUYVRKML-IRDZEPHTSA-N
3967,BSXFDHHTXOAUGB-UHFFFAOYSA-N
3969,MGEVYVDQMTWJNV-HOPHSATRSA-N
3971,HKQYGTCOTHHOMP-UHFFFAOYSA-N
3973,MIJYXULNPSFWEK-FQRDBSNUSA-N
3975,RSYUFYQTACJFML-DZGCQCFKSA-N
3976,JKLAVFMVEROOKJ-ARADSITGSA-N
3978,MGJLSBDCWOSMHL-MIUGBVLSSA-N
3980,QUQPHWDTPGMPEX-LLHRBZKSSA-N
3982,YMWRMAOPKNYHMZ-LLVTZOIGSA-N
3984,ZQSIJRDFPHDXIC-UHFFFAOYSA-N
3985,MJBPUQUGJNAPAZ-UHFFFAOYSA-N
3986,YDHSGSSEZHFAJJ-YRJFMNGISA-N
3988,HMUJXQRRKBLVOO-AWEZNQCLSA-N
3990,FTODBIPDTXRIGS-UHFFFAOYSA-N
3992,CXQWRCVTCMQVQX-LSDHHAIUSA-N
3993,MGYBYJXAXUBTQF-FOBVWLSUSA-N
3995,HCEYJYMNIQHPPK-DXTZDJJUSA-N
3997,VPBGBMLWGOFHSN-UHFFFAOYSA-N
3999,UDIXYHJHYVDNOG-UHFFFAOYSA-N
4001,HZUURLOSYMEMET-QPJJXVBHSA-N
4003,MFZDFMOKBMJUGB-HHKUBXQUSA-N
4005,FTVWIRXFELQLPI-UHFFFAOYSA-N
4006,OBSYBRPAKCASQB-AGQYDFLVSA-N
4008,DEMKZLAVQYISIA-UZQFATADSA-N
4010,RMSKZOXJAHOIER-GGKKSNITSA-N
4012,CWZLMWSCLBFCBY-UHFFFAOYSA-N
4014,DBUOUVZMYWYRRI-YWEKDMGLSA-N
4016,DLIKSSGEMUFQOK-RGHIGTIISA-N
4018,FSBUXLDOLNLABB-ISAKITKMSA-N
4020,DGABKXLVXPYZII-FKEALSDISA-N
4022,QFRUZVNPYYYLAN-UOICJKMOSA-N
4024,IJRBORPEVKCEQD-WJUVRXFPSA-N
4026,KXGVEGMKQFWNSR-LLQZFEROSA-N
4028,HHAMKMUMKLXDFQ-KFRFNOKNSA-N
4030,OAUIRSVJXOFAOO-UHFFFAOYSA-N
4031,NBQYBZYBTNQEQG-LSDHHAIUSA-N
4032,BHQCQFFYRZLCQQ-OELDTZBJSA-N
4034,PGOYMURMZNDHNS-MYPRUECHSA-N
4036,HKVGJQVJNQRJPO-GSDSTAPDSA-N
4038,YRARGBWFOYODHQ-KHTUMDHASA-N
4040,JYVLOGILHBWLAE-LTDPXCIYSA-N
4042,DSXFHNSGLYXPNG-WUBGXZNDSA-N
4044,RLGYLKXDNQBDCU-HUSRUCGJSA-N
4046,AEBORMNUOJEQOL-OWDFILOBSA-N
4048,KLDSZMWMGCWFKH-GIEZYDSUSA-N
4050,PRWWZXHOHQRKDQ-SVDQWWJBSA-N
4054,DLYVTEULDNMQAR-WRELVWFXSA-N
4056,QGXBDMJGAMFCBF-LUJOEAJASA-N
4058,RPMNUQRUHXIGHK-PYXJVEIZSA-N
4060,IDQVFXZQPGAVAM-LWWFSHPVSA-N
4062,GOZAGCBVCYGQHP-PRJUEBITSA-N
4064,BSZLLSHGSWKZRE-IYLQSFRJSA-N
4066,AURFZBICLPNKBZ-JMTGGFPBSA-N
4068,DFPMSGMNTNDNHN-GORRZPGTSA-N
4070,HEYZWPRKKUGDCR-QBXMEVCASA-N
4072,VUXVICJLLYFORC-FQRWNCDPSA-N
4074,UXSACQOOWZMGSE-RWORTQBESA-N
4078,NRVMCZSNPIHCNL-KJTZQEHHSA-N
4080,GOYZKWCPWBKPIG-JRMYCMGUSA-N
4082,URFCJEUYXNAHFI-UHFFFAOYSA-N
4083,VJFDKEUBFXWWLI-LTDPXCIYSA-N
4085,DFPMSGMNTNDNHN-ZPHOTFPESA-N
4087,OBBCRPUNCUPUOS-UHFFFAOYSA-N
4088,KVRQGMOSZKPBNS-FMHLWDFHSA-N
4090,YJXDGWUNRYLINJ-POZBICLPSA-N
4092,QBOFNNDGXMMAOI-QXYFZNHMSA-N
4094,RETJLKUBHXTIGH-FZFRBNDOSA-N
4096,DVKADJHCAQTKAS-VMPITWQZSA-N
4098,PFTAWBLQPZVEMU-DZGCQCFKSA-N
4100,JBFOLLJCGUCDQP-ZFORQUDYSA-N
4102,FEGCPHIPSRBREU-HVATVPOCSA-N
4104,MUMGGOZAMZWBJJ-KZYORJDKSA-N
4106,NQXDDVZOWBZZHN-CRSYUQHVSA-N
4108,XMOCLSLCDHWDHP-IUODEOHRSA-N
4109,JNNGEAWILNVFFD-CDJYTOATSA-N
4111,PRAUVHZJPXOEIF-AOLYGAPISA-N
4113,IKIIZLYTISPENI-ZFORQUDYSA-N
4115,OBGPEBYHGIUFBN-UHFFFAOYSA-N
4116,DSAJORLEPQBKDA-UHFFFAOYSA-N
4118,FIMKKXUVGBDUNE-UHFFFAOYSA-N
4120,KQBFNIVRWYGXRN-QJMXJWGSSA-N
4123,RPKLZQLYODPWTM-LVVAJZGHSA-N
4125,GIWDXQUHEWOAQO-DODNOZFWSA-N
4127,QSQFOIMEVMOMIJ-DHGKSUBNSA-N
4129,MLRDPISQDDYRHC-BSTKLLGTSA-N
4131,MFQIWHVVFBCURA-LKBAIHPRSA-N
4133,VFYACENSDOLJGQ-SNONCDODSA-N
4135,DPJZYONMQLGZJE-UHFFFAOYSA-N
4136,IKFXPERBVFYFMS-DPILJLKXSA-N
4138,SCIGYBYAZUFDLA-LUVHZPKESA-N
4140,YPWHZCPMOQGCDQ-HMGRVEAOSA-N
4142,PEFNSGRTCBGNAN-QNDFHXLGSA-N
4144,NCEXCGUAXVAJMI-UHFFFAOYSA-N
4146,ZHUOOEGSSFNTNP-HWAYZWBCSA-N
4148,UIUKQADPLSFRBN-NIJWRPTQSA-N
4150,OEWYUGADRFSLPO-BDRQEEMSSA-N
4154,RTCISXKUWWQSRF-FKGKEHBJSA-N
4156,NTDLXWMIWOECHG-YRCFQSNFSA-N
4158,YCOKATFNRPZIIU-WQKMQOEMSA-N
4160,OPKOYMHTMXJHRG-GUDQPSSMSA-N
4162,RVPPNKOUWPOQRX-VAVPTQKHSA-N
4164,IUXOFSAPFXGQID-KLZCBZFCSA-N
4166,FNMHEHXNBNCPCI-KAUJWNRDSA-N
4168,SMVZSPTUXANNGQ-OHRRTPEXSA-N
4170,JXSVIVRDWWRQRT-BEELBYNOSA-N
4172,FLSOTPIEFVBPBU-LDBVRRDLSA-N
4174,MPQNEAGCEIDBTL-HQGYOKCVSA-N
4176,LCTHKUJMKQOYDY-ZYIGBFDLSA-N
4177,WWSNSDWQADMAJB-UHFFFAOYSA-N
4179,KBDOXLBZVFQTMH-RXRQAHPVSA-N
4181,HWTKLHMQRXNNDR-PVZHQXNISA-N
4183,MRPJBTFHICBFNE-JKSUJKDBSA-N
4185,NMLBREXWQRPOJH-CRAIPNDOSA-N
4187,XPHIPEXPAGCEBM-UHFFFAOYSA-N
4189,ZQXBVPNSSGEUCM-CVNCRVLDSA-N
4191,JNKDXWGGWNLKOD-BLFJEXFJSA-N
4193,ORJDDOBAOGKRJV-CQSZACIVSA-N
4195,AKARZXADDNXORH-WQVLWSBKSA-N
4197,MVTLXFDHKDVAIC-LQQBYVAQSA-N
4199,KBDSLGBFQAGHBE-MSGMIQHVSA-N
4201,NGUSMSQYMDPBGF-UHFFFAOYSA-N
4203,SSRCYGATNWFTBJ-UHFFFAOYSA-N
4205,HHDWDLBSGSYIQQ-GNDDPXJISA-N
4207,FHIJMQWMMZEFBL-OPSYHMPNSA-N
4211,BUVRFGBECZFCRL-YDTKTFQDSA-N
4213,RUDATBOHQWOJDD-UZVSRGJWSA-N
4217,ZFHSKBJBODQVBX-AXTRIDKLSA-N
4219,RIXHOIPNPVCEHZ-WIYOTWCASA-N
4221,WWYQJKVSCKMFCP-MSOLQXFVSA-N
4223,RAJWOBJTTGJROA-WZNAKSSCSA-N
4225,PJJGZPJJTHBVMX-UHFFFAOYSA-N
4226,NKDFYOWSKOHCCO-MQMWGCQISA-N
4228,RRCYPDDIDYVEIW-UHFFFAOYSA-N
4230,UHNXUSWGOJMEFO-QNDFHXLGSA-N
4232,RWNHLTKFBKYDOJ-IJDLJTCJSA-N
4234,MIJYXULNPSFWEK-LGSDIRQTSA-N
4236,XTDOKCBBQODVJW-LTDPXCIYSA-N
4238,DJOJDHGQRNZXQQ-UHFFFAOYSA-N
4240,QUQPHWDTPGMPEX-QJBIFVCTSA-N
4242,XJDJODWHDUVAGF-SHKSAQAUSA-N
4246,YIKKMWSQVKJCOP-ABXCMAEBSA-N
4248,FURUXTVZLHCCNA-UHFFFAOYSA-N
4249,LRHHPZILMPIMIY-GGKKSNITSA-N
4251,BSSWIRVAMSGQMG-RTTXQYISSA-N
4253,IVHWWYNBMIROCV-AJIQNVKKSA-N
4257,NZRLODDQFPZTPM-CVEARBPZSA-N
4260,IAFBOKYTDSDNHV-UHFFFAOYSA-N
4262,QYIXCDOBOSTCEI-QCYZZNICSA-N
4264,TUGWPJJTQNLKCL-UHFFFAOYSA-N
4266,FZBGZDZLYSLJFE-MVAMGWTESA-N
4268,MQLSOVRLZHTATK-WNCYHATQSA-N
4270,UGIFUOHGTIYUFC-AOVQYZRUSA-N
4272,QBKMGAJNGCTGFA-NVNVVJOKSA-N
4274,AHTRGGWSBFOEEG-BXDNVMCDSA-N
4276,DFURNQJNFBMYHM-UHFFFAOYSA-N
4277,HPSILLNWMJOWNM-UJMOMDHXSA-N
4279,ADDLXGZBTXNVDS-OFNFSOOGSA-N
4281,MPZFKYARTKTCEC-HGYYSIBVSA-N
4283,MPDGHEJMBKOTSU-PMTKVOBESA-N
4285,JPGOJQJBPLCRQP-YHJYJCICSA-N
4287,WCGUUGGRBIKTOS-GPOJBZKASA-N
4289,LPNBCGIVZXHHHO-UHFFFAOYSA-N
4291,QGXBDMJGAMFCBF-HLUDHZFRSA-N
4293,AKNILCMFRRDTEY-NUGKWEEESA-N
4295,VSUOKLTVXQRUSG-ZFORQUDYSA-N
4297,YRQNFHSTTZXQBU-HTVHDVGDSA-N
4299,LZLGHWHSUZVUFZ-JKSUJKDBSA-N
4301,BCWKMSLBLIKZQX-HMZWGCPASA-N
4303,GKPNPQODFXMCGO-IFXJQAMLSA-N
4304,GOHHRVCULPSXEU-RWORTQBESA-N
4306,OMQADRGFMLGFJF-GDRLQRQZSA-N
4308,LNOHXHDWGCMVCO-NTKSAMNMSA-N
4310,QDEYKGKBMCIYCT-PHINXLAUSA-N
4312,KHCREUNEQGORAM-UHFFFAOYSA-N
4314,DJBWDHVUJCXYBH-IBVGEFGBSA-N
4316,KPCWWZLBHGSXPW-CVEARBPZSA-N
4318,ROWFSYNHZPRCKO-UHFFFAOYSA-N
4320,QIVOTMOKECOCJC-OKUZHXNBSA-N
4322,WVKDAMAQNQRJFP-UHFFFAOYSA-N
4324,DFPMSGMNTNDNHN-JJLSSNRUSA-N
4328,RTQZACYXEASSEF-FTOGDFEBSA-N
4330,SMTKSCGLXONVGL-FMDXMRPMSA-N
4334,XPLMUADTACCMDJ-LVDCRSFESA-N
4336,RLTDMRMWVUCOAI-BOVQQMIFSA-N
4338,KMOUJOKENFFTPU-QNDFHXLGSA-N
4340,RFWGABANNQMHMZ-ZCHJGGQASA-N
4342,MFYSYFVPBJMHGN-ZPOLXVRWSA-N
4344,LNQCUTNLHUQZLR-OZJWLQQPSA-N
4346,MPDGHEJMBKOTSU-YKLVYJNSSA-N
4348,KHCCSRVJJDOANA-ZOSGAXDSSA-N
4350,MAYJEFRPIKEYBL-DKBZVKCESA-N
4352,BBSPXZBAZKHYLF-HUBYRZTESA-N
